attendance,previous_cgpa,subject_difficulty,internal_marks,mid_sem_1,mid_sem_2,end_sem_marks
92.0,9.04,7.4,18.0,10.0,10.0,37.0
87.0,8.53,7.1,16.0,9.0,12.0,40.0
91.0,9.17,7.6,17.0,11.0,11.0,36.0
80.0,7.89,6.2,20.0,9.0,9.0,26.0
98.0,10.0,5.6,20.0,15.0,14.0,49.0
80.0,0.0,7.9,16.0,8.0,6.0,27.0
98.0,8.99,9.7,19.0,10.0,9.0,32.0
80.0,8.79,5.7,18.0,9.0,7.0,37.0
84.0,9.37,8.5,16.0,10.0,11.0,30.0
91.0,0.0,7.2,18.0,15.0,14.0,43.0
95.0,8.24,6.5,20.0,11.0,11.0,45.0
85.0,7.64,9.3,15.0,7.0,13.0,18.0
91.0,0.0,7.3,19.0,8.0,7.0,29.0
83.0,8.74,7.9,17.0,10.0,11.0,29.0
73.0,7.77,7.2,16.0,6.0,6.0,23.0
93.0,8.84,5.4,18.0,12.0,14.0,48.0
74.0,8.24,8.0,14.0,8.0,8.0,24.0
81.0,7.89,7.1,17.0,8.0,7.0,33.0
92.0,9.14,5.4,17.0,7.0,12.0,39.0
83.0,0.0,8.0,12.0,12.0,10.0,29.0
86.0,0.0,5.0,16.0,11.0,11.0,29.0
99.0,8.8,6.0,19.0,12.0,14.0,46.0
71.0,7.7,8.9,12.0,4.0,2.0,23.0
85.0,8.34,5.2,17.0,12.0,14.0,36.0
82.0,8.05,8.2,15.0,9.0,8.0,26.0
82.0,9.25,9.7,16.0,10.0,12.0,29.0
89.0,9.19,5.9,20.0,13.0,15.0,38.0
79.0,8.99,7.1,18.0,10.0,10.0,33.0
88.0,8.69,7.9,19.0,6.0,4.0,33.0
93.0,8.32,7.3,20.0,9.0,8.0,27.0
87.0,8.29,8.1,17.0,10.0,10.0,24.0
85.0,8.22,7.0,17.0,7.0,9.0,31.0
79.0,8.78,5.7,14.0,14.0,15.0,38.0
77.0,7.48,5.4,18.0,11.0,12.0,20.0
78.0,6.52,8.7,20.0,7.0,8.0,21.0
69.0,8.5,6.2,16.0,11.0,13.0,20.0
90.0,7.94,9.2,20.0,8.0,8.0,30.0
97.0,9.4,8.7,14.0,12.0,12.0,31.0
82.0,8.6,5.2,20.0,8.0,8.0,41.0
81.0,6.57,6.0,16.0,6.0,5.0,24.0
78.0,7.34,6.5,20.0,4.0,6.0,22.0
89.0,7.53,8.0,20.0,9.0,11.0,28.0
94.0,9.97,9.0,20.0,10.0,12.0,44.0
71.0,6.9,5.3,14.0,8.0,6.0,16.0
83.0,8.02,6.2,17.0,11.0,12.0,35.0
91.0,8.95,6.9,14.0,9.0,11.0,30.0
79.0,9.24,5.9,18.0,9.0,12.0,32.0
91.0,9.33,7.7,13.0,10.0,7.0,39.0
100.0,0.0,7.4,19.0,11.0,11.0,29.0
80.0,7.96,6.6,19.0,8.0,8.0,28.0
94.0,8.67,7.6,20.0,12.0,15.0,35.0
84.0,9.17,6.8,14.0,13.0,9.0,38.0
80.0,8.66,6.7,13.0,10.0,8.0,33.0
76.0,6.49,6.3,14.0,4.0,7.0,25.0
89.0,9.44,7.7,18.0,9.0,8.0,43.0
85.0,7.46,7.2,19.0,5.0,2.0,21.0
87.0,8.62,6.0,19.0,9.0,12.0,33.0
87.0,9.29,5.1,15.0,9.0,6.0,42.0
100.0,8.64,5.8,20.0,14.0,15.0,42.0
95.0,10.0,5.2,20.0,14.0,11.0,50.0
94.0,8.31,7.2,20.0,4.0,1.0,30.0
95.0,8.68,6.1,20.0,10.0,10.0,43.0
87.0,8.45,7.1,19.0,11.0,9.0,33.0
92.0,9.06,6.6,20.0,11.0,12.0,32.0
89.0,7.62,7.7,20.0,7.0,11.0,34.0
97.0,10.0,8.6,20.0,9.0,9.0,36.0
68.0,6.15,7.4,12.0,0.0,3.0,21.0
83.0,0.0,5.3,19.0,12.0,13.0,24.0
91.0,8.99,5.1,17.0,13.0,15.0,35.0
90.0,9.61,6.1,16.0,15.0,10.0,39.0
92.0,9.5,7.1,17.0,12.0,13.0,41.0
84.0,0.0,5.2,19.0,13.0,14.0,42.0
83.0,8.46,6.6,18.0,11.0,10.0,18.0
99.0,9.62,9.4,20.0,13.0,15.0,42.0
98.0,0.0,5.5,20.0,14.0,13.0,43.0
76.0,7.51,9.7,16.0,6.0,3.0,27.0
91.0,8.38,9.3,19.0,8.0,10.0,19.0
77.0,7.62,9.2,17.0,5.0,2.0,24.0
86.0,10.0,9.3,16.0,10.0,10.0,38.0
87.0,10.0,5.4,15.0,14.0,15.0,48.0
92.0,10.0,5.8,17.0,15.0,15.0,47.0
82.0,8.14,5.7,17.0,7.0,7.0,20.0
87.0,9.25,5.6,16.0,14.0,13.0,40.0
100.0,9.1,6.6,20.0,13.0,15.0,39.0
90.0,8.47,9.2,19.0,10.0,8.0,22.0
87.0,0.0,6.3,18.0,13.0,15.0,40.0
79.0,8.32,6.2,15.0,9.0,13.0,23.0
91.0,9.24,8.4,20.0,12.0,13.0,30.0
83.0,9.01,5.5,14.0,13.0,13.0,42.0
93.0,7.74,6.8,19.0,12.0,12.0,32.0
89.0,8.99,6.5,17.0,15.0,14.0,35.0
83.0,8.19,9.2,17.0,11.0,10.0,27.0
100.0,9.26,7.6,20.0,12.0,12.0,30.0
92.0,8.7,8.2,16.0,9.0,10.0,34.0
72.0,6.55,5.6,11.0,6.0,9.0,20.0
93.0,8.85,9.6,17.0,5.0,1.0,29.0
90.0,0.0,6.6,20.0,14.0,9.0,40.0
98.0,9.2,8.5,20.0,8.0,11.0,37.0
90.0,8.46,9.8,17.0,12.0,12.0,29.0
89.0,8.72,7.5,20.0,15.0,15.0,36.0
81.0,8.59,7.5,19.0,6.0,7.0,36.0
89.0,8.56,5.6,20.0,12.0,12.0,39.0
89.0,9.12,7.0,16.0,7.0,11.0,35.0
92.0,9.6,9.3,20.0,6.0,7.0,35.0
86.0,8.76,5.7,18.0,11.0,10.0,34.0
97.0,10.0,9.6,18.0,11.0,10.0,37.0
82.0,0.0,8.3,16.0,10.0,10.0,25.0
86.0,8.3,7.1,15.0,10.0,8.0,36.0
83.0,8.69,7.7,15.0,5.0,8.0,26.0
99.0,9.67,5.8,18.0,14.0,14.0,46.0
99.0,9.27,6.1,20.0,10.0,8.0,45.0
77.0,7.31,6.4,15.0,5.0,6.0,27.0
79.0,0.0,6.9,14.0,5.0,8.0,24.0
77.0,7.48,9.6,16.0,9.0,11.0,19.0
62.0,6.48,6.8,12.0,5.0,3.0,8.0
86.0,8.9,7.6,19.0,12.0,10.0,38.0
71.0,6.19,5.8,14.0,3.0,6.0,20.0
77.0,7.62,8.7,13.0,6.0,3.0,25.0
88.0,8.85,7.8,17.0,7.0,8.0,34.0
85.0,6.66,7.2,15.0,11.0,10.0,24.0
81.0,8.36,9.7,17.0,12.0,15.0,27.0
60.0,6.36,9.5,14.0,5.0,3.0,9.0
92.0,9.85,8.3,15.0,12.0,10.0,33.0
85.0,9.85,9.6,17.0,7.0,8.0,28.0
79.0,7.82,7.8,18.0,5.0,7.0,17.0
100.0,8.96,9.1,17.0,10.0,13.0,47.0
67.0,0.0,7.0,13.0,7.0,8.0,20.0
100.0,9.67,5.4,20.0,13.0,14.0,50.0
81.0,8.68,10.0,18.0,5.0,7.0,16.0
77.0,8.27,5.8,16.0,7.0,4.0,19.0
78.0,9.85,6.3,17.0,11.0,9.0,39.0
86.0,7.63,5.8,18.0,13.0,10.0,26.0
85.0,9.4,6.7,16.0,8.0,3.0,34.0
91.0,9.49,6.4,20.0,14.0,15.0,39.0
92.0,9.41,8.0,17.0,10.0,13.0,37.0
83.0,0.0,10.0,11.0,8.0,9.0,19.0
91.0,9.33,5.3,15.0,12.0,13.0,42.0
93.0,8.95,8.9,18.0,10.0,10.0,38.0
71.0,6.64,5.6,14.0,3.0,3.0,7.0
88.0,8.41,5.1,17.0,10.0,13.0,46.0
95.0,8.91,8.2,19.0,11.0,14.0,40.0
89.0,9.58,9.4,20.0,11.0,10.0,36.0
89.0,8.35,5.9,19.0,10.0,12.0,37.0
92.0,0.0,6.7,20.0,13.0,15.0,35.0
97.0,8.78,5.8,17.0,7.0,8.0,46.0
87.0,7.26,9.5,16.0,7.0,8.0,39.0
94.0,10.0,6.4,20.0,11.0,12.0,50.0
98.0,8.88,7.2,20.0,12.0,9.0,31.0
78.0,8.04,9.5,17.0,10.0,7.0,25.0
90.0,9.03,7.8,19.0,6.0,8.0,30.0
86.0,9.64,9.7,18.0,13.0,11.0,35.0
98.0,8.15,9.6,20.0,9.0,6.0,30.0
86.0,0.0,7.3,16.0,12.0,8.0,35.0
100.0,9.3,7.9,18.0,9.0,8.0,41.0
80.0,8.69,6.2,12.0,9.0,10.0,28.0
81.0,9.15,10.0,18.0,9.0,10.0,30.0
80.0,7.4,6.4,15.0,9.0,11.0,39.0
76.0,8.66,8.9,18.0,7.0,6.0,28.0
88.0,8.5,6.6,18.0,11.0,11.0,40.0
79.0,8.46,6.6,15.0,6.0,8.0,36.0
80.0,7.67,5.5,14.0,7.0,8.0,35.0
86.0,8.29,7.8,19.0,11.0,10.0,27.0
77.0,8.11,6.2,15.0,11.0,12.0,28.0
74.0,7.62,5.7,15.0,10.0,6.0,32.0
91.0,9.98,6.1,19.0,12.0,12.0,47.0
79.0,7.62,6.3,16.0,8.0,7.0,24.0
94.0,8.34,7.5,17.0,12.0,15.0,40.0
84.0,9.08,6.9,18.0,8.0,6.0,31.0
84.0,9.39,5.4,18.0,13.0,13.0,31.0
96.0,9.54,7.7,20.0,11.0,10.0,35.0
80.0,8.43,8.9,17.0,6.0,5.0,27.0
87.0,7.99,7.9,19.0,7.0,8.0,27.0
86.0,9.07,9.9,16.0,6.0,5.0,29.0
77.0,7.03,5.5,15.0,4.0,8.0,22.0
83.0,7.44,9.1,20.0,7.0,3.0,18.0
100.0,9.53,7.5,20.0,14.0,15.0,46.0
92.0,0.0,7.6,18.0,13.0,13.0,35.0
79.0,8.22,7.6,17.0,9.0,9.0,27.0
100.0,9.65,6.6,18.0,15.0,15.0,40.0
77.0,7.94,6.6,14.0,10.0,12.0,27.0
90.0,8.55,8.2,16.0,12.0,13.0,37.0
83.0,9.55,5.2,17.0,12.0,14.0,48.0
83.0,9.42,7.9,17.0,13.0,13.0,38.0
97.0,9.61,8.6,20.0,6.0,4.0,33.0
78.0,8.1,6.8,15.0,10.0,10.0,37.0
82.0,8.58,6.1,19.0,5.0,7.0,25.0
77.0,7.67,6.1,17.0,9.0,8.0,22.0
98.0,8.01,5.4,20.0,9.0,7.0,42.0
58.0,6.27,5.4,15.0,11.0,12.0,19.0
81.0,7.93,5.8,19.0,9.0,10.0,40.0
86.0,8.0,5.1,19.0,11.0,9.0,28.0
85.0,8.66,6.3,15.0,9.0,9.0,29.0
82.0,0.0,6.5,17.0,9.0,9.0,34.0
88.0,9.03,10.0,20.0,6.0,6.0,25.0
69.0,8.33,10.0,15.0,3.0,4.0,12.0
89.0,8.64,5.9,16.0,6.0,5.0,30.0
74.0,7.42,6.1,15.0,11.0,12.0,32.0
90.0,8.92,7.5,16.0,10.0,9.0,37.0
85.0,9.39,5.7,15.0,15.0,15.0,45.0
93.0,8.7,7.5,19.0,7.0,10.0,28.0
92.0,9.04,7.0,20.0,12.0,10.0,24.0
83.0,8.7,6.6,15.0,13.0,11.0,25.0
100.0,8.85,9.1,19.0,14.0,15.0,41.0
97.0,9.92,9.1,17.0,12.0,13.0,39.0
90.0,9.64,9.9,18.0,10.0,11.0,29.0
96.0,9.31,6.1,15.0,13.0,12.0,31.0
88.0,9.43,9.4,17.0,7.0,7.0,27.0
75.0,7.93,7.7,15.0,7.0,6.0,21.0
93.0,9.23,8.0,15.0,10.0,11.0,29.0
82.0,8.45,9.5,14.0,5.0,3.0,25.0
73.0,7.21,9.7,14.0,6.0,6.0,11.0
80.0,7.97,8.6,16.0,11.0,8.0,31.0
97.0,9.86,6.7,19.0,11.0,10.0,43.0
78.0,7.67,7.4,16.0,7.0,7.0,24.0
88.0,8.23,8.1,14.0,5.0,6.0,38.0
93.0,9.48,9.1,20.0,7.0,8.0,28.0
90.0,0.0,8.3,17.0,9.0,11.0,31.0
87.0,8.47,6.8,16.0,12.0,9.0,28.0
72.0,8.56,7.1,11.0,9.0,12.0,36.0
83.0,8.2,5.3,16.0,10.0,9.0,24.0
86.0,8.5,9.6,18.0,10.0,9.0,30.0
81.0,0.0,5.4,16.0,8.0,9.0,16.0
75.0,7.79,7.9,15.0,8.0,7.0,20.0
84.0,9.63,9.4,16.0,9.0,10.0,37.0
89.0,7.93,7.1,18.0,8.0,9.0,36.0
86.0,0.0,9.0,15.0,8.0,6.0,34.0
91.0,9.32,9.0,18.0,12.0,12.0,35.0
91.0,9.49,5.3,17.0,15.0,15.0,49.0
90.0,7.85,7.1,16.0,11.0,13.0,31.0
89.0,8.12,8.5,19.0,7.0,6.0,35.0
78.0,7.67,7.1,12.0,5.0,4.0,36.0
67.0,0.0,7.7,14.0,4.0,2.0,23.0
91.0,8.73,8.0,19.0,9.0,7.0,30.0
100.0,0.0,5.8,19.0,12.0,9.0,41.0
90.0,9.61,7.1,20.0,14.0,13.0,46.0
88.0,8.7,5.1,17.0,15.0,15.0,47.0
95.0,10.0,5.7,18.0,13.0,14.0,46.0
97.0,9.2,7.6,17.0,11.0,14.0,44.0
83.0,8.7,7.9,17.0,10.0,8.0,41.0
75.0,8.54,5.7,13.0,11.0,7.0,25.0
82.0,7.7,8.8,15.0,9.0,10.0,30.0
87.0,8.83,6.9,17.0,8.0,12.0,33.0
86.0,0.0,9.6,17.0,8.0,7.0,27.0
77.0,6.71,6.9,18.0,4.0,4.0,18.0
100.0,10.0,5.7,20.0,13.0,10.0,50.0
80.0,8.44,8.8,17.0,8.0,8.0,18.0
81.0,9.18,7.8,16.0,10.0,10.0,20.0
91.0,8.52,6.9,17.0,12.0,8.0,31.0
81.0,8.62,6.8,16.0,13.0,11.0,24.0
87.0,9.45,5.8,16.0,9.0,7.0,36.0
72.0,7.33,6.7,13.0,7.0,4.0,16.0
80.0,7.87,5.1,16.0,11.0,10.0,33.0
92.0,9.16,7.5,17.0,12.0,13.0,48.0
86.0,0.0,9.5,16.0,5.0,4.0,18.0
92.0,7.62,9.0,20.0,10.0,12.0,30.0
85.0,8.13,5.1,14.0,10.0,9.0,40.0
88.0,8.99,9.4,16.0,4.0,5.0,18.0
84.0,8.44,7.3,19.0,9.0,10.0,28.0
97.0,9.57,6.0,19.0,11.0,14.0,37.0
94.0,8.52,8.8,20.0,13.0,12.0,32.0
66.0,7.19,6.6,11.0,8.0,9.0,26.0
79.0,7.86,6.3,16.0,7.0,5.0,26.0
82.0,8.4,5.8,18.0,11.0,14.0,32.0
92.0,7.98,7.4,17.0,8.0,6.0,26.0
94.0,8.91,5.5,20.0,15.0,15.0,34.0
77.0,7.98,8.9,15.0,9.0,12.0,25.0
91.0,10.0,7.4,19.0,8.0,6.0,36.0
87.0,8.14,7.2,16.0,10.0,11.0,37.0
99.0,10.0,5.0,20.0,14.0,12.0,50.0
91.0,8.97,9.1,19.0,6.0,11.0,27.0
86.0,9.93,7.5,20.0,7.0,3.0,38.0
92.0,9.86,7.2,20.0,10.0,7.0,28.0
76.0,0.0,8.8,17.0,3.0,1.0,9.0
81.0,8.97,5.3,14.0,13.0,11.0,30.0
81.0,7.37,6.8,16.0,8.0,9.0,16.0
91.0,7.65,7.9,18.0,7.0,11.0,26.0
76.0,7.13,7.3,15.0,0.0,2.0,14.0
90.0,0.0,5.9,18.0,14.0,14.0,35.0
100.0,10.0,6.5,18.0,14.0,14.0,48.0
100.0,8.82,6.5,20.0,13.0,12.0,48.0
88.0,9.29,10.0,17.0,7.0,8.0,31.0
79.0,0.0,6.6,14.0,12.0,12.0,33.0
95.0,9.51,6.0,20.0,11.0,11.0,42.0
87.0,8.19,9.1,18.0,8.0,7.0,28.0
88.0,8.13,7.1,19.0,12.0,10.0,41.0
86.0,9.02,7.2,18.0,12.0,12.0,34.0
73.0,8.59,7.7,11.0,7.0,7.0,30.0
83.0,8.45,8.0,15.0,8.0,7.0,31.0
95.0,9.49,8.0,20.0,10.0,8.0,30.0
77.0,0.0,5.2,17.0,13.0,14.0,37.0
95.0,9.18,9.1,16.0,12.0,13.0,29.0
81.0,0.0,6.0,17.0,9.0,13.0,43.0
79.0,9.04,6.5,14.0,11.0,14.0,36.0
90.0,9.93,5.9,14.0,9.0,7.0,41.0
92.0,9.28,8.8,20.0,12.0,12.0,31.0
93.0,8.63,7.9,19.0,10.0,7.0,36.0
97.0,9.27,8.8,20.0,9.0,5.0,42.0
71.0,6.98,8.3,12.0,9.0,13.0,16.0
83.0,8.42,5.5,14.0,9.0,12.0,23.0
87.0,8.35,6.5,14.0,12.0,11.0,39.0
98.0,10.0,7.5,20.0,12.0,14.0,47.0
78.0,8.23,6.5,12.0,9.0,12.0,25.0
87.0,8.3,6.0,20.0,10.0,6.0,38.0
77.0,7.23,9.3,13.0,5.0,7.0,18.0
88.0,9.54,8.7,15.0,13.0,12.0,29.0
93.0,9.21,6.7,18.0,11.0,12.0,43.0
92.0,9.93,8.8,17.0,9.0,15.0,37.0
94.0,8.2,8.1,19.0,9.0,12.0,32.0
86.0,9.07,5.0,15.0,15.0,15.0,47.0
87.0,0.0,6.9,17.0,12.0,15.0,37.0
84.0,8.4,6.5,15.0,10.0,6.0,27.0
92.0,8.81,6.1,20.0,13.0,14.0,36.0
92.0,9.0,6.3,19.0,11.0,12.0,43.0
84.0,8.35,9.7,17.0,5.0,6.0,26.0
76.0,8.69,7.4,17.0,7.0,6.0,13.0
78.0,6.71,9.2,16.0,8.0,9.0,13.0
70.0,7.93,6.1,14.0,12.0,14.0,31.0
78.0,8.36,5.9,15.0,11.0,6.0,32.0
82.0,9.06,9.4,15.0,8.0,7.0,36.0
72.0,7.47,7.5,13.0,6.0,4.0,30.0
81.0,7.32,9.5,16.0,5.0,6.0,21.0
66.0,7.64,5.3,15.0,8.0,11.0,27.0
88.0,8.36,9.6,19.0,6.0,5.0,19.0
77.0,7.68,7.1,17.0,7.0,5.0,28.0
72.0,7.92,5.8,12.0,9.0,9.0,26.0
83.0,8.6,8.4,18.0,8.0,6.0,25.0
98.0,9.62,9.0,19.0,10.0,10.0,29.0
78.0,7.24,5.2,16.0,9.0,8.0,23.0
93.0,8.37,9.9,20.0,8.0,9.0,25.0
60.0,6.01,8.5,10.0,4.0,5.0,4.0
82.0,8.45,6.6,17.0,9.0,9.0,27.0
90.0,8.79,5.8,18.0,15.0,15.0,47.0
74.0,6.64,7.0,17.0,3.0,4.0,21.0
87.0,9.0,6.1,16.0,11.0,10.0,31.0
100.0,9.12,7.5,20.0,10.0,9.0,38.0
90.0,9.01,8.9,18.0,11.0,9.0,36.0
69.0,8.29,8.3,13.0,7.0,5.0,29.0
87.0,0.0,7.2,16.0,12.0,9.0,28.0
92.0,8.11,5.6,17.0,9.0,11.0,28.0
73.0,7.59,9.8,14.0,4.0,3.0,19.0
78.0,7.95,6.4,19.0,6.0,7.0,28.0
84.0,0.0,6.4,17.0,11.0,10.0,31.0
89.0,9.79,8.2,19.0,14.0,14.0,26.0
83.0,0.0,8.9,17.0,10.0,12.0,34.0
75.0,7.68,9.9,14.0,3.0,3.0,19.0
66.0,7.0,9.8,13.0,5.0,3.0,15.0
87.0,9.26,9.6,19.0,7.0,6.0,36.0
93.0,9.28,7.2,18.0,9.0,11.0,27.0
100.0,9.71,5.8,20.0,13.0,14.0,34.0
66.0,6.2,7.9,13.0,6.0,8.0,20.0
76.0,7.54,5.1,13.0,8.0,8.0,18.0
88.0,0.0,6.0,20.0,11.0,8.0,38.0
93.0,9.36,5.0,18.0,15.0,15.0,39.0
94.0,0.0,5.9,20.0,12.0,13.0,46.0
72.0,0.0,7.4,15.0,8.0,9.0,15.0
96.0,8.43,7.0,20.0,8.0,5.0,39.0
76.0,9.43,6.8,15.0,11.0,10.0,30.0
99.0,9.44,9.2,18.0,8.0,6.0,30.0
71.0,7.76,8.4,16.0,4.0,5.0,19.0
86.0,8.36,9.7,16.0,7.0,8.0,26.0
86.0,10.0,7.2,20.0,14.0,14.0,37.0
96.0,9.05,6.4,20.0,14.0,15.0,44.0
88.0,8.0,5.6,20.0,11.0,14.0,39.0
96.0,9.56,8.4,17.0,11.0,12.0,38.0
75.0,7.24,9.2,17.0,5.0,6.0,20.0
68.0,7.71,5.9,12.0,9.0,8.0,22.0
85.0,9.02,9.4,12.0,10.0,9.0,35.0
89.0,9.8,7.6,20.0,9.0,11.0,33.0
88.0,9.1,5.7,18.0,15.0,13.0,37.0
94.0,8.65,8.2,20.0,11.0,12.0,27.0
79.0,7.74,7.6,16.0,8.0,11.0,32.0
98.0,0.0,5.1,20.0,13.0,14.0,44.0
96.0,8.65,7.0,20.0,8.0,8.0,41.0
80.0,8.45,8.9,16.0,7.0,4.0,21.0
98.0,0.0,7.8,19.0,13.0,13.0,48.0
80.0,7.17,6.4,16.0,9.0,11.0,21.0
89.0,8.03,9.6,18.0,5.0,5.0,29.0
88.0,8.81,6.2,12.0,7.0,9.0,31.0
82.0,8.98,6.3,17.0,8.0,9.0,23.0
78.0,0.0,6.8,18.0,7.0,8.0,34.0
99.0,9.09,9.5,20.0,12.0,11.0,30.0
80.0,7.68,7.5,15.0,8.0,5.0,32.0
94.0,9.28,8.4,20.0,11.0,10.0,33.0
72.0,8.49,9.9,18.0,6.0,5.0,23.0
92.0,9.36,8.9,19.0,7.0,8.0,29.0
82.0,8.36,5.9,17.0,12.0,12.0,23.0
84.0,9.43,8.9,16.0,8.0,10.0,35.0
89.0,10.0,8.7,16.0,14.0,15.0,40.0
74.0,7.81,6.2,15.0,9.0,8.0,35.0
82.0,8.45,6.6,16.0,9.0,7.0,33.0
72.0,6.58,8.6,11.0,2.0,1.0,6.0
80.0,7.63,6.2,15.0,7.0,7.0,17.0
93.0,9.04,6.0,20.0,15.0,14.0,34.0
89.0,9.03,8.5,17.0,10.0,8.0,29.0
95.0,9.33,9.4,14.0,11.0,13.0,41.0
95.0,0.0,5.4,20.0,11.0,11.0,39.0
82.0,8.04,7.2,15.0,9.0,10.0,17.0
92.0,8.64,8.0,17.0,9.0,7.0,15.0
85.0,0.0,8.4,19.0,9.0,7.0,26.0
89.0,8.76,10.0,16.0,8.0,8.0,21.0
80.0,7.77,8.4,12.0,3.0,0.0,23.0
93.0,9.33,8.1,19.0,10.0,12.0,26.0
81.0,10.0,9.9,18.0,7.0,6.0,24.0
100.0,0.0,5.3,19.0,14.0,13.0,48.0
87.0,8.43,5.4,17.0,10.0,11.0,44.0
91.0,9.64,7.8,16.0,10.0,10.0,28.0
76.0,8.37,6.8,13.0,7.0,5.0,27.0
84.0,7.2,5.5,16.0,12.0,15.0,38.0
96.0,9.79,6.5,20.0,11.0,8.0,47.0
86.0,9.33,8.4,17.0,9.0,5.0,31.0
84.0,9.69,9.4,19.0,13.0,15.0,38.0
72.0,6.63,5.5,18.0,7.0,4.0,20.0
92.0,7.98,7.7,20.0,6.0,9.0,36.0
96.0,0.0,6.5,16.0,15.0,15.0,38.0
98.0,9.4,8.3,19.0,14.0,15.0,37.0
90.0,9.08,7.7,20.0,14.0,13.0,29.0
94.0,9.44,9.6,19.0,12.0,10.0,31.0
73.0,7.19,5.2,11.0,6.0,5.0,25.0
78.0,0.0,7.4,14.0,9.0,7.0,32.0
100.0,9.26,6.0,15.0,10.0,12.0,50.0
100.0,9.99,7.7,19.0,10.0,9.0,50.0
61.0,6.94,9.3,11.0,2.0,3.0,12.0
67.0,6.46,9.6,13.0,2.0,4.0,20.0
80.0,8.88,7.0,18.0,8.0,6.0,22.0
86.0,0.0,9.1,15.0,8.0,9.0,31.0
81.0,0.0,6.4,15.0,8.0,6.0,27.0
85.0,8.23,5.0,15.0,9.0,9.0,31.0
86.0,9.05,9.3,19.0,11.0,10.0,39.0
89.0,8.78,5.6,20.0,15.0,14.0,34.0
66.0,6.76,5.1,14.0,4.0,4.0,14.0
92.0,9.21,6.8,19.0,12.0,10.0,34.0
89.0,8.54,6.9,15.0,8.0,10.0,27.0
93.0,9.67,5.4,19.0,14.0,12.0,33.0
73.0,7.68,9.1,12.0,4.0,1.0,19.0
84.0,8.46,7.0,17.0,8.0,7.0,32.0
97.0,10.0,7.4,19.0,15.0,14.0,42.0
81.0,8.77,6.3,15.0,7.0,8.0,31.0
96.0,8.96,7.6,19.0,6.0,6.0,34.0
82.0,8.07,8.8,18.0,11.0,8.0,27.0
76.0,7.56,9.5,19.0,6.0,8.0,22.0
100.0,10.0,9.9,20.0,10.0,9.0,37.0
84.0,9.28,7.1,20.0,15.0,15.0,32.0
89.0,10.0,10.0,18.0,12.0,15.0,34.0
78.0,7.22,6.5,19.0,8.0,11.0,33.0
67.0,0.0,5.0,14.0,6.0,6.0,35.0
85.0,8.6,8.8,17.0,11.0,8.0,33.0
95.0,8.45,5.9,19.0,8.0,5.0,36.0
85.0,8.27,5.3,18.0,10.0,12.0,35.0
99.0,9.49,9.6,20.0,10.0,9.0,39.0
76.0,8.61,9.0,12.0,8.0,8.0,26.0
75.0,0.0,5.5,16.0,7.0,5.0,26.0
77.0,7.14,8.9,12.0,5.0,6.0,17.0
84.0,8.13,9.2,18.0,11.0,13.0,26.0
81.0,7.65,9.5,17.0,3.0,6.0,24.0
99.0,9.23,7.7,20.0,11.0,10.0,41.0
83.0,9.9,8.5,15.0,9.0,10.0,37.0
93.0,9.5,8.8,17.0,12.0,12.0,26.0
98.0,9.53,8.4,20.0,11.0,13.0,47.0
84.0,8.39,8.2,15.0,10.0,10.0,32.0
73.0,7.32,7.7,12.0,9.0,7.0,18.0
76.0,6.83,7.4,16.0,3.0,6.0,27.0
99.0,8.53,10.0,20.0,9.0,9.0,27.0
76.0,7.45,6.7,16.0,4.0,3.0,26.0
84.0,7.14,5.4,18.0,8.0,8.0,23.0
73.0,7.91,8.8,16.0,5.0,4.0,22.0
91.0,9.26,6.1,18.0,14.0,15.0,38.0
88.0,8.15,7.7,18.0,8.0,8.0,21.0
83.0,9.32,5.5,16.0,8.0,6.0,37.0
75.0,6.76,8.1,15.0,9.0,14.0,23.0
84.0,8.06,9.7,14.0,5.0,3.0,25.0
100.0,9.05,8.6,20.0,12.0,13.0,38.0
73.0,6.91,6.1,17.0,7.0,7.0,21.0
87.0,8.63,9.9,19.0,8.0,6.0,32.0
94.0,9.45,6.5,20.0,10.0,9.0,34.0
100.0,8.84,7.2,18.0,13.0,10.0,31.0
79.0,7.67,7.5,13.0,9.0,13.0,26.0
86.0,8.22,10.0,19.0,7.0,6.0,30.0
73.0,7.09,5.3,15.0,9.0,9.0,31.0
74.0,8.15,8.5,15.0,10.0,14.0,34.0
89.0,8.48,6.8,18.0,10.0,8.0,33.0
90.0,0.0,5.4,19.0,11.0,14.0,38.0
88.0,8.97,9.7,19.0,11.0,12.0,31.0
81.0,7.83,7.9,16.0,11.0,7.0,25.0
73.0,7.76,8.8,11.0,7.0,6.0,22.0
95.0,9.04,6.2,20.0,10.0,11.0,38.0
91.0,9.62,8.8,19.0,7.0,7.0,31.0
90.0,8.89,9.1,15.0,9.0,9.0,33.0
100.0,9.13,7.2,18.0,10.0,9.0,38.0
69.0,6.93,7.9,16.0,3.0,2.0,11.0
94.0,8.93,9.9,20.0,13.0,12.0,32.0
90.0,8.56,9.2,13.0,9.0,13.0,24.0
95.0,9.51,7.2,20.0,11.0,9.0,40.0
80.0,7.84,8.3,16.0,8.0,7.0,20.0
92.0,9.82,8.9,19.0,8.0,8.0,40.0
93.0,8.25,5.1,19.0,13.0,10.0,34.0
81.0,0.0,7.9,15.0,4.0,5.0,24.0
94.0,10.0,9.9,20.0,10.0,7.0,32.0
82.0,7.46,9.7,15.0,3.0,1.0,24.0
71.0,7.65,9.2,16.0,5.0,3.0,19.0
93.0,9.38,5.5,20.0,15.0,12.0,45.0
97.0,9.36,10.0,18.0,6.0,9.0,28.0
74.0,8.29,8.0,13.0,7.0,8.0,27.0
100.0,9.72,6.1,20.0,14.0,15.0,43.0
87.0,9.09,8.4,20.0,11.0,13.0,29.0
68.0,7.18,9.3,12.0,6.0,6.0,15.0
93.0,8.89,5.6,18.0,13.0,13.0,47.0
100.0,9.02,9.6,20.0,8.0,10.0,39.0
85.0,8.85,9.6,18.0,14.0,15.0,38.0
84.0,8.13,5.1,18.0,7.0,4.0,31.0
86.0,8.88,9.5,17.0,10.0,15.0,33.0
87.0,8.77,9.7,17.0,9.0,6.0,32.0
82.0,8.48,5.2,17.0,10.0,9.0,32.0
82.0,9.3,6.5,10.0,11.0,11.0,42.0
81.0,8.34,6.9,20.0,10.0,10.0,27.0
86.0,8.73,6.7,17.0,8.0,12.0,37.0
83.0,8.72,8.8,17.0,9.0,11.0,27.0
79.0,7.54,6.8,20.0,5.0,6.0,24.0
96.0,9.28,9.8,18.0,10.0,12.0,49.0
92.0,9.84,10.0,20.0,11.0,12.0,36.0
89.0,8.89,6.6,19.0,12.0,11.0,44.0
63.0,8.15,7.5,13.0,7.0,8.0,22.0
92.0,9.79,7.8,20.0,8.0,8.0,39.0
91.0,7.62,7.9,17.0,7.0,5.0,22.0
93.0,10.0,6.9,15.0,12.0,15.0,48.0
91.0,8.31,5.8,16.0,7.0,7.0,33.0
79.0,8.52,5.3,18.0,7.0,5.0,29.0
80.0,8.05,5.5,14.0,10.0,8.0,31.0
78.0,7.95,9.5,12.0,11.0,12.0,26.0
86.0,8.15,6.4,17.0,8.0,10.0,33.0
86.0,7.52,5.4,18.0,6.0,7.0,29.0
87.0,8.48,8.1,17.0,9.0,10.0,33.0
89.0,0.0,5.4,19.0,12.0,10.0,31.0
78.0,0.0,5.4,18.0,9.0,9.0,26.0
93.0,10.0,8.1,20.0,10.0,9.0,35.0
75.0,7.62,8.0,15.0,5.0,5.0,11.0
79.0,0.0,5.2,15.0,6.0,6.0,21.0
94.0,8.36,7.3,20.0,10.0,9.0,30.0
88.0,8.99,7.2,18.0,12.0,14.0,40.0
54.0,5.95,7.7,9.0,8.0,6.0,18.0
99.0,9.94,8.7,20.0,9.0,6.0,35.0
77.0,6.84,6.4,16.0,8.0,6.0,25.0
76.0,0.0,7.2,17.0,7.0,9.0,37.0
76.0,0.0,9.0,14.0,6.0,7.0,25.0
96.0,9.17,9.6,20.0,7.0,3.0,26.0
88.0,8.8,9.5,14.0,9.0,10.0,37.0
84.0,9.14,7.4,20.0,8.0,8.0,40.0
66.0,6.77,7.6,9.0,9.0,8.0,11.0
70.0,7.18,7.6,11.0,5.0,5.0,22.0
90.0,9.28,9.3,19.0,11.0,8.0,31.0
83.0,8.4,9.2,16.0,7.0,7.0,24.0
81.0,8.97,6.6,16.0,15.0,12.0,40.0
87.0,8.87,5.8,16.0,12.0,11.0,34.0
93.0,9.21,6.9,17.0,13.0,12.0,41.0
93.0,9.54,6.4,19.0,11.0,13.0,40.0
83.0,8.19,9.8,17.0,10.0,10.0,25.0
94.0,7.77,6.3,20.0,10.0,11.0,29.0
87.0,8.47,5.9,18.0,9.0,7.0,27.0
92.0,9.35,9.5,18.0,7.0,7.0,28.0
91.0,9.32,5.4,20.0,12.0,13.0,38.0
91.0,9.13,6.3,15.0,10.0,12.0,38.0
95.0,9.72,7.2,14.0,14.0,12.0,36.0
87.0,8.66,8.0,14.0,8.0,6.0,27.0
97.0,0.0,6.6,19.0,9.0,10.0,46.0
77.0,7.36,7.5,16.0,8.0,11.0,19.0
82.0,8.64,6.0,11.0,11.0,12.0,33.0
69.0,6.61,7.9,14.0,1.0,0.0,20.0
92.0,8.21,7.0,18.0,11.0,9.0,19.0
88.0,9.66,9.2,18.0,13.0,13.0,29.0
82.0,8.81,7.1,13.0,8.0,9.0,25.0
95.0,8.56,7.2,20.0,9.0,9.0,39.0
84.0,8.69,8.0,17.0,11.0,9.0,32.0
72.0,7.22,5.6,12.0,4.0,6.0,15.0
79.0,8.15,5.8,16.0,8.0,7.0,29.0
97.0,9.55,9.0,20.0,8.0,9.0,37.0
90.0,0.0,6.4,15.0,10.0,6.0,35.0
85.0,0.0,8.4,14.0,12.0,14.0,36.0
93.0,8.83,5.5,18.0,12.0,11.0,32.0
62.0,7.03,9.1,12.0,7.0,10.0,17.0
79.0,8.83,9.9,17.0,7.0,8.0,19.0
85.0,8.45,6.9,20.0,10.0,7.0,33.0
75.0,7.48,7.5,17.0,6.0,6.0,26.0
74.0,7.44,7.2,12.0,8.0,11.0,30.0
92.0,0.0,9.5,16.0,9.0,8.0,32.0
77.0,6.94,5.0,14.0,7.0,10.0,27.0
100.0,9.9,8.3,20.0,11.0,12.0,35.0
93.0,8.88,8.3,20.0,11.0,14.0,33.0
98.0,9.13,6.9,20.0,15.0,15.0,41.0
70.0,6.06,6.1,15.0,8.0,8.0,26.0
86.0,8.26,6.2,16.0,11.0,15.0,21.0
92.0,9.7,9.0,18.0,14.0,15.0,29.0
84.0,9.47,5.3,14.0,15.0,15.0,43.0
91.0,0.0,7.8,19.0,10.0,11.0,40.0
78.0,7.9,6.5,14.0,9.0,8.0,32.0
81.0,8.6,6.3,19.0,10.0,10.0,30.0
84.0,7.71,7.5,18.0,9.0,11.0,33.0
74.0,7.46,9.5,19.0,4.0,4.0,23.0
88.0,9.48,8.1,18.0,10.0,8.0,28.0
89.0,8.49,8.9,19.0,6.0,4.0,33.0
84.0,7.81,8.0,16.0,9.0,9.0,30.0
99.0,9.36,8.5,19.0,10.0,8.0,30.0
85.0,8.2,7.2,16.0,9.0,6.0,31.0
90.0,9.63,9.6,20.0,9.0,7.0,25.0
87.0,9.65,7.5,15.0,9.0,11.0,40.0
80.0,8.45,7.8,16.0,5.0,5.0,20.0
91.0,9.12,7.6,15.0,9.0,9.0,35.0
90.0,9.7,6.6,19.0,12.0,10.0,39.0
91.0,8.95,6.2,17.0,12.0,11.0,50.0
85.0,9.44,5.4,18.0,13.0,12.0,48.0
100.0,10.0,8.6,19.0,12.0,11.0,39.0
92.0,9.7,6.4,18.0,13.0,10.0,46.0
87.0,9.46,6.9,19.0,11.0,13.0,38.0
100.0,9.51,9.6,20.0,10.0,10.0,31.0
86.0,8.11,7.8,20.0,10.0,10.0,32.0
84.0,8.47,5.5,16.0,8.0,10.0,36.0
71.0,7.32,9.0,13.0,11.0,13.0,20.0
88.0,0.0,6.3,20.0,10.0,9.0,50.0
83.0,9.99,7.8,16.0,10.0,11.0,33.0
100.0,9.14,7.5,19.0,11.0,12.0,39.0
86.0,9.15,6.2,18.0,9.0,10.0,39.0
77.0,8.1,5.6,15.0,8.0,10.0,16.0
75.0,8.31,6.1,14.0,8.0,10.0,34.0
97.0,8.73,5.5,18.0,7.0,8.0,38.0
100.0,9.38,6.4,20.0,15.0,15.0,47.0
90.0,9.6,10.0,18.0,10.0,10.0,34.0
85.0,8.65,7.0,16.0,11.0,11.0,45.0
89.0,8.66,9.3,17.0,10.0,12.0,34.0
79.0,7.66,7.7,17.0,6.0,6.0,23.0
90.0,8.79,8.3,20.0,8.0,9.0,24.0
78.0,7.68,5.8,15.0,14.0,13.0,33.0
100.0,9.69,6.4,18.0,9.0,4.0,49.0
81.0,6.97,7.6,20.0,5.0,6.0,21.0
77.0,8.39,9.4,16.0,6.0,3.0,25.0
95.0,10.0,5.2,19.0,15.0,14.0,46.0
67.0,6.57,7.5,14.0,5.0,7.0,25.0
99.0,9.39,5.3,17.0,13.0,15.0,40.0
80.0,8.01,7.3,16.0,8.0,10.0,34.0
93.0,9.46,8.1,20.0,12.0,8.0,30.0
93.0,9.66,8.7,20.0,11.0,12.0,32.0
80.0,8.52,5.7,15.0,10.0,9.0,41.0
71.0,8.11,5.8,15.0,11.0,13.0,23.0
76.0,7.92,7.4,18.0,7.0,10.0,16.0
99.0,9.45,10.0,20.0,8.0,5.0,36.0
74.0,7.51,6.8,16.0,8.0,8.0,23.0
89.0,0.0,7.1,19.0,15.0,15.0,39.0
87.0,8.11,7.2,16.0,10.0,9.0,28.0
82.0,9.13,5.4,15.0,12.0,15.0,29.0
78.0,0.0,8.9,18.0,3.0,2.0,23.0
82.0,8.33,6.3,11.0,12.0,11.0,35.0
87.0,9.37,8.5,16.0,12.0,10.0,31.0
84.0,8.34,7.4,14.0,9.0,9.0,21.0
77.0,8.7,8.1,18.0,8.0,2.0,20.0
80.0,8.18,5.3,19.0,15.0,15.0,25.0
83.0,7.14,9.4,15.0,9.0,12.0,26.0
76.0,8.67,6.2,20.0,13.0,10.0,37.0
95.0,7.87,8.4,20.0,9.0,6.0,34.0
64.0,6.62,9.0,13.0,3.0,5.0,15.0
85.0,8.29,7.7,20.0,12.0,15.0,39.0
82.0,0.0,6.7,15.0,10.0,7.0,41.0
95.0,8.79,9.9,18.0,9.0,12.0,36.0
87.0,9.16,6.4,18.0,10.0,11.0,36.0
100.0,8.75,9.7,19.0,9.0,11.0,34.0
68.0,7.16,5.8,11.0,7.0,5.0,24.0
98.0,9.92,6.9,18.0,13.0,15.0,40.0
92.0,9.76,5.7,18.0,14.0,13.0,38.0
85.0,8.56,5.0,18.0,8.0,7.0,40.0
88.0,8.82,6.3,17.0,5.0,6.0,28.0
85.0,9.29,5.4,14.0,11.0,10.0,35.0
92.0,8.65,9.9,19.0,10.0,7.0,30.0
82.0,8.68,8.8,19.0,10.0,10.0,26.0
96.0,10.0,5.0,18.0,12.0,11.0,44.0
91.0,8.25,6.1,20.0,12.0,10.0,36.0
78.0,0.0,8.4,17.0,11.0,13.0,32.0
78.0,6.82,7.0,13.0,7.0,12.0,25.0
90.0,9.98,9.2,17.0,9.0,7.0,47.0
88.0,8.87,7.5,17.0,9.0,9.0,32.0
93.0,8.52,8.3,18.0,10.0,9.0,30.0
85.0,7.69,8.0,12.0,12.0,15.0,19.0
75.0,0.0,8.2,13.0,6.0,7.0,13.0
87.0,8.99,6.2,16.0,12.0,14.0,39.0
83.0,8.93,6.9,20.0,8.0,10.0,37.0
84.0,7.41,5.3,17.0,8.0,8.0,32.0
82.0,8.57,7.9,15.0,8.0,8.0,33.0
80.0,8.0,7.3,15.0,9.0,12.0,35.0
94.0,8.25,8.8,20.0,6.0,8.0,40.0
86.0,8.5,6.0,16.0,11.0,9.0,38.0
83.0,7.6,7.2,15.0,7.0,6.0,24.0
86.0,8.46,5.9,16.0,12.0,11.0,37.0
96.0,9.64,8.1,20.0,10.0,12.0,43.0
80.0,8.39,9.2,13.0,7.0,10.0,26.0
73.0,7.73,8.8,12.0,7.0,11.0,20.0
78.0,7.91,9.7,14.0,7.0,6.0,23.0
75.0,7.83,9.9,13.0,10.0,10.0,17.0
93.0,9.4,8.9,17.0,13.0,12.0,41.0
82.0,7.93,6.4,18.0,8.0,8.0,22.0
97.0,9.7,6.1,20.0,14.0,15.0,41.0
68.0,7.49,7.2,14.0,1.0,1.0,23.0
87.0,8.67,10.0,18.0,11.0,14.0,24.0
86.0,8.97,7.1,16.0,11.0,10.0,35.0
95.0,9.0,6.0,15.0,11.0,12.0,39.0
88.0,9.35,9.7,18.0,10.0,9.0,30.0
84.0,8.09,6.9,17.0,11.0,7.0,28.0
91.0,7.49,8.5,17.0,8.0,6.0,36.0
95.0,8.72,8.9,17.0,11.0,11.0,36.0
99.0,9.58,9.2,17.0,12.0,15.0,29.0
91.0,8.35,9.1,19.0,9.0,8.0,29.0
90.0,9.48,9.2,18.0,10.0,10.0,44.0
92.0,8.19,8.3,20.0,10.0,11.0,32.0
92.0,8.5,7.0,17.0,12.0,11.0,39.0
100.0,8.82,8.3,19.0,12.0,11.0,30.0
97.0,8.77,9.2,19.0,8.0,8.0,29.0
89.0,8.23,6.8,17.0,11.0,10.0,21.0
76.0,7.94,6.5,17.0,8.0,4.0,35.0
87.0,9.37,6.7,20.0,14.0,13.0,29.0
92.0,9.66,7.8,16.0,11.0,12.0,38.0
85.0,8.53,5.3,16.0,12.0,13.0,50.0
85.0,7.79,8.9,20.0,4.0,7.0,27.0
87.0,8.71,5.7,18.0,10.0,13.0,39.0
75.0,6.07,5.7,15.0,8.0,6.0,24.0
72.0,7.83,6.0,15.0,8.0,7.0,23.0
98.0,9.16,7.9,20.0,11.0,10.0,39.0
95.0,9.97,6.4,20.0,15.0,15.0,43.0
85.0,9.22,6.8,17.0,14.0,13.0,37.0
95.0,8.41,9.7,19.0,7.0,7.0,29.0
86.0,8.53,9.2,20.0,10.0,8.0,30.0
79.0,6.72,9.3,15.0,3.0,5.0,30.0
98.0,9.76,7.9,20.0,13.0,11.0,40.0
95.0,8.43,9.3,20.0,11.0,9.0,28.0
80.0,7.44,8.9,17.0,9.0,10.0,19.0
84.0,9.02,9.8,17.0,9.0,10.0,38.0
73.0,6.89,5.3,16.0,7.0,7.0,32.0
96.0,0.0,5.1,20.0,11.0,13.0,31.0
100.0,0.0,5.9,19.0,15.0,15.0,48.0
91.0,7.65,9.6,19.0,8.0,12.0,22.0
90.0,9.59,8.0,16.0,11.0,12.0,35.0
75.0,7.59,7.1,19.0,3.0,6.0,20.0
92.0,9.33,7.6,19.0,10.0,10.0,50.0
90.0,9.66,9.1,16.0,11.0,14.0,32.0
84.0,9.34,9.6,16.0,5.0,8.0,23.0
98.0,8.18,8.6,20.0,10.0,10.0,28.0
100.0,9.25,8.8,18.0,10.0,9.0,50.0
93.0,9.33,6.6,20.0,9.0,8.0,37.0
80.0,8.64,7.3,13.0,8.0,9.0,26.0
79.0,8.0,9.4,18.0,9.0,7.0,15.0
85.0,8.9,8.9,16.0,9.0,8.0,21.0
84.0,10.0,8.4,15.0,9.0,11.0,40.0
73.0,7.2,5.3,16.0,8.0,9.0,15.0
67.0,7.26,5.2,12.0,8.0,3.0,27.0
79.0,8.43,5.7,19.0,9.0,6.0,36.0
81.0,8.2,7.9,13.0,10.0,14.0,27.0
93.0,9.93,7.7,20.0,14.0,15.0,45.0
83.0,8.42,9.7,16.0,9.0,8.0,30.0
88.0,9.22,8.5,18.0,8.0,5.0,32.0
80.0,9.4,6.5,17.0,9.0,7.0,33.0
97.0,9.15,5.8,16.0,8.0,9.0,40.0
88.0,9.52,9.2,18.0,9.0,13.0,36.0
85.0,8.44,7.3,19.0,10.0,14.0,37.0
74.0,7.26,8.3,16.0,6.0,3.0,22.0
83.0,8.75,7.8,16.0,8.0,7.0,30.0
100.0,10.0,5.5,17.0,15.0,13.0,46.0
94.0,8.33,5.3,20.0,12.0,12.0,49.0
90.0,8.44,6.9,20.0,10.0,7.0,27.0
96.0,9.44,6.8,20.0,8.0,7.0,35.0
84.0,7.81,8.4,19.0,13.0,11.0,27.0
89.0,8.32,8.2,20.0,7.0,8.0,28.0
73.0,8.52,9.8,14.0,6.0,5.0,26.0
94.0,10.0,9.3,19.0,12.0,11.0,30.0
90.0,7.35,7.5,20.0,9.0,10.0,25.0
100.0,8.9,7.5,17.0,14.0,15.0,45.0
69.0,7.74,8.4,15.0,8.0,12.0,20.0
96.0,9.8,5.6,20.0,13.0,14.0,37.0
79.0,8.35,10.0,16.0,9.0,9.0,23.0
96.0,9.47,7.6,20.0,12.0,15.0,36.0
85.0,9.16,9.5,16.0,8.0,10.0,38.0
99.0,10.0,9.8,20.0,12.0,14.0,28.0
80.0,8.43,7.9,15.0,9.0,6.0,28.0
81.0,8.31,5.5,17.0,9.0,11.0,33.0
90.0,8.37,7.9,18.0,10.0,11.0,34.0
99.0,9.78,8.0,16.0,10.0,8.0,29.0
87.0,9.21,8.9,16.0,9.0,8.0,27.0
96.0,9.44,5.2,20.0,15.0,15.0,37.0
83.0,8.11,7.3,18.0,6.0,1.0,20.0
96.0,9.74,9.6,15.0,8.0,8.0,32.0
97.0,9.44,10.0,20.0,11.0,10.0,38.0
85.0,0.0,6.0,15.0,12.0,10.0,36.0
93.0,8.38,9.4,20.0,11.0,10.0,35.0
88.0,9.02,5.7,20.0,12.0,9.0,39.0
96.0,9.37,9.2,19.0,7.0,9.0,31.0
89.0,9.66,6.4,16.0,11.0,7.0,26.0
72.0,7.45,9.8,13.0,6.0,6.0,23.0
68.0,7.63,8.5,15.0,6.0,4.0,18.0
95.0,0.0,7.0,17.0,10.0,14.0,29.0
82.0,8.59,6.4,15.0,7.0,7.0,26.0
84.0,8.94,6.2,18.0,9.0,5.0,31.0
87.0,9.25,8.4,16.0,8.0,9.0,36.0
96.0,9.17,9.5,20.0,7.0,5.0,34.0
83.0,8.43,8.8,15.0,10.0,12.0,38.0
79.0,8.19,9.2,9.0,7.0,8.0,23.0
76.0,9.06,8.9,14.0,9.0,12.0,28.0
97.0,9.4,9.9,20.0,10.0,10.0,44.0
85.0,8.64,8.8,19.0,7.0,9.0,46.0
89.0,9.47,6.1,17.0,13.0,13.0,50.0
72.0,7.22,9.0,14.0,11.0,10.0,24.0
76.0,7.33,6.6,15.0,6.0,8.0,23.0
77.0,8.91,10.0,19.0,9.0,7.0,33.0
88.0,8.66,6.9,18.0,11.0,11.0,34.0
99.0,8.29,6.5,19.0,8.0,7.0,41.0
81.0,8.27,6.2,20.0,12.0,14.0,40.0
95.0,9.3,8.3,19.0,10.0,8.0,36.0
76.0,8.62,5.5,11.0,7.0,6.0,20.0
88.0,7.47,9.8,15.0,5.0,5.0,16.0
75.0,7.63,6.5,16.0,7.0,10.0,27.0
85.0,8.57,6.5,13.0,12.0,11.0,30.0
91.0,8.51,5.2,19.0,9.0,8.0,33.0
92.0,9.08,6.2,17.0,15.0,12.0,39.0
74.0,7.13,7.1,17.0,5.0,3.0,24.0
79.0,7.12,6.8,16.0,10.0,11.0,23.0
84.0,8.29,6.4,14.0,6.0,6.0,30.0
95.0,9.67,5.2,20.0,13.0,13.0,50.0
93.0,0.0,6.5,20.0,12.0,15.0,35.0
92.0,9.28,8.9,16.0,9.0,6.0,40.0
74.0,8.47,7.2,13.0,11.0,15.0,25.0
92.0,9.49,6.5,19.0,13.0,15.0,42.0
79.0,7.96,6.5,17.0,9.0,8.0,37.0
78.0,7.74,7.8,20.0,10.0,11.0,21.0
79.0,8.4,6.5,18.0,7.0,6.0,28.0
100.0,9.53,8.2,20.0,14.0,15.0,42.0
84.0,7.34,9.9,17.0,9.0,13.0,27.0
71.0,7.19,5.2,15.0,11.0,10.0,31.0
81.0,8.03,5.8,15.0,11.0,11.0,31.0
83.0,9.09,5.9,16.0,8.0,6.0,25.0
77.0,7.25,7.2,16.0,10.0,9.0,20.0
93.0,8.95,5.2,17.0,13.0,12.0,45.0
88.0,8.19,7.4,12.0,11.0,9.0,38.0
98.0,10.0,9.6,18.0,12.0,11.0,46.0
76.0,7.9,5.1,17.0,13.0,13.0,34.0
86.0,8.72,6.8,17.0,9.0,8.0,41.0
79.0,8.46,8.8,16.0,5.0,0.0,22.0
95.0,9.69,5.8,17.0,15.0,15.0,35.0
91.0,9.85,5.4,19.0,11.0,11.0,50.0
51.0,5.59,8.2,14.0,0.0,4.0,17.0
88.0,8.79,5.0,20.0,11.0,11.0,36.0
77.0,8.17,9.0,16.0,8.0,10.0,23.0
68.0,7.24,5.3,12.0,7.0,6.0,27.0
82.0,7.83,7.6,20.0,10.0,13.0,29.0
81.0,8.75,8.7,18.0,10.0,8.0,40.0
78.0,8.17,6.2,13.0,9.0,10.0,35.0
89.0,9.45,5.5,14.0,12.0,14.0,42.0
86.0,8.65,5.9,14.0,10.0,11.0,20.0
93.0,9.84,9.3,18.0,10.0,14.0,36.0
84.0,0.0,8.5,19.0,5.0,4.0,37.0
88.0,0.0,6.0,19.0,12.0,15.0,39.0
76.0,7.08,8.6,16.0,8.0,10.0,25.0
87.0,7.57,8.5,17.0,8.0,8.0,29.0
80.0,7.02,10.0,20.0,1.0,5.0,17.0
93.0,8.44,7.0,19.0,9.0,9.0,41.0
95.0,8.24,9.3,19.0,11.0,11.0,33.0
85.0,7.66,7.2,16.0,6.0,6.0,26.0
71.0,7.83,9.5,19.0,7.0,4.0,18.0
81.0,8.43,5.5,18.0,9.0,11.0,39.0
83.0,8.48,5.9,15.0,11.0,12.0,28.0
76.0,8.74,9.2,13.0,5.0,5.0,22.0
90.0,7.81,9.1,15.0,6.0,10.0,29.0
71.0,7.92,6.5,14.0,10.0,9.0,15.0
83.0,8.25,8.0,14.0,10.0,7.0,32.0
83.0,9.06,6.9,14.0,11.0,15.0,35.0
81.0,8.06,5.1,18.0,11.0,13.0,34.0
88.0,0.0,5.1,19.0,13.0,14.0,47.0
61.0,6.5,5.3,15.0,6.0,5.0,14.0
83.0,8.84,8.0,14.0,8.0,9.0,28.0
86.0,7.27,6.4,15.0,12.0,9.0,24.0
90.0,10.0,5.7,17.0,14.0,14.0,36.0
89.0,9.24,9.7,20.0,10.0,8.0,31.0
91.0,9.26,5.6,18.0,11.0,12.0,33.0
91.0,0.0,8.4,20.0,8.0,10.0,38.0
75.0,7.29,9.5,16.0,5.0,3.0,11.0
74.0,8.43,5.8,15.0,12.0,13.0,19.0
79.0,0.0,6.1,17.0,6.0,6.0,25.0
88.0,9.52,7.9,14.0,14.0,15.0,40.0
88.0,8.5,7.5,13.0,9.0,9.0,28.0
64.0,7.14,7.6,13.0,5.0,6.0,15.0
92.0,8.56,7.8,18.0,8.0,7.0,30.0
91.0,9.01,9.7,20.0,7.0,4.0,26.0
88.0,7.96,5.3,15.0,11.0,8.0,35.0
73.0,7.53,8.8,15.0,7.0,6.0,21.0
74.0,7.4,6.2,16.0,8.0,5.0,24.0
92.0,0.0,6.9,19.0,12.0,15.0,36.0
100.0,10.0,5.4,20.0,12.0,12.0,48.0
92.0,0.0,7.2,17.0,9.0,11.0,33.0
88.0,9.1,9.0,19.0,8.0,10.0,38.0
85.0,0.0,5.5,18.0,11.0,11.0,42.0
90.0,8.23,6.4,20.0,9.0,15.0,25.0
79.0,8.79,6.9,15.0,8.0,14.0,28.0
76.0,7.49,5.5,13.0,7.0,10.0,26.0
100.0,9.98,8.8,19.0,11.0,9.0,32.0
68.0,8.11,8.9,11.0,8.0,11.0,16.0
100.0,9.65,9.2,19.0,11.0,8.0,41.0
69.0,6.96,7.9,13.0,5.0,8.0,15.0
96.0,9.35,7.5,17.0,15.0,10.0,41.0
76.0,7.55,6.3,15.0,10.0,9.0,25.0
64.0,6.69,8.3,10.0,7.0,9.0,8.0
95.0,0.0,7.2,19.0,10.0,11.0,37.0
80.0,8.26,9.9,15.0,7.0,4.0,28.0
88.0,9.03,9.8,17.0,8.0,8.0,21.0
91.0,8.59,9.5,19.0,9.0,10.0,30.0
90.0,8.89,6.8,17.0,12.0,12.0,34.0
69.0,7.78,6.8,12.0,6.0,5.0,20.0
90.0,9.24,9.3,17.0,8.0,10.0,28.0
94.0,8.82,8.6,20.0,11.0,13.0,31.0
73.0,7.65,8.5,17.0,6.0,6.0,16.0
85.0,9.23,6.4,16.0,11.0,14.0,35.0
80.0,8.36,9.2,16.0,8.0,8.0,24.0
65.0,0.0,7.9,10.0,2.0,1.0,9.0
87.0,8.95,7.2,17.0,7.0,10.0,34.0
84.0,8.52,9.3,14.0,5.0,8.0,23.0
78.0,7.73,7.0,15.0,8.0,7.0,20.0
78.0,8.15,8.3,18.0,9.0,7.0,27.0
74.0,6.93,7.3,12.0,8.0,12.0,19.0
77.0,7.59,8.0,14.0,10.0,10.0,25.0
70.0,7.89,5.2,12.0,9.0,9.0,13.0
79.0,9.12,7.3,12.0,9.0,8.0,26.0
89.0,7.51,7.8,20.0,8.0,11.0,34.0
80.0,6.95,7.5,17.0,9.0,13.0,11.0
98.0,10.0,9.2,20.0,9.0,9.0,44.0
86.0,8.21,6.6,15.0,6.0,11.0,28.0
100.0,9.99,9.4,16.0,10.0,9.0,34.0
82.0,8.51,7.0,18.0,7.0,6.0,27.0
86.0,9.19,8.5,16.0,11.0,12.0,42.0
91.0,9.44,5.4,17.0,11.0,9.0,31.0
93.0,9.59,6.0,20.0,13.0,14.0,49.0
84.0,8.56,8.8,17.0,9.0,8.0,34.0
75.0,8.4,5.1,17.0,12.0,9.0,37.0
94.0,9.78,9.8,18.0,7.0,4.0,23.0
96.0,9.23,6.0,18.0,12.0,11.0,41.0
78.0,0.0,9.5,15.0,7.0,8.0,15.0
81.0,8.57,7.6,18.0,10.0,7.0,36.0
82.0,7.53,7.8,17.0,9.0,9.0,18.0
90.0,9.74,5.4,19.0,13.0,13.0,38.0
67.0,6.23,6.8,8.0,4.0,4.0,5.0
83.0,9.1,5.8,13.0,11.0,9.0,35.0
79.0,8.01,7.6,11.0,9.0,9.0,24.0
84.0,8.33,7.8,16.0,10.0,10.0,29.0
83.0,9.11,8.5,14.0,9.0,11.0,28.0
79.0,7.91,9.4,19.0,8.0,5.0,18.0
84.0,7.97,7.3,17.0,6.0,6.0,21.0
83.0,8.85,6.2,17.0,9.0,6.0,29.0
93.0,9.33,6.7,16.0,12.0,12.0,46.0
100.0,8.04,9.2,18.0,9.0,7.0,36.0
100.0,9.23,5.7,20.0,12.0,10.0,46.0
77.0,8.2,8.1,19.0,9.0,9.0,27.0
75.0,7.6,5.1,16.0,12.0,11.0,35.0
92.0,8.95,6.2,14.0,12.0,15.0,40.0
79.0,0.0,8.0,15.0,5.0,7.0,26.0
100.0,9.07,7.3,20.0,10.0,12.0,41.0
89.0,8.84,7.5,17.0,11.0,13.0,33.0
93.0,9.28,8.3,14.0,9.0,9.0,28.0
92.0,8.09,6.2,20.0,9.0,12.0,32.0
71.0,6.91,6.4,13.0,2.0,1.0,8.0
88.0,9.88,8.4,15.0,13.0,15.0,31.0
77.0,8.0,7.7,15.0,9.0,7.0,30.0
95.0,9.48,5.1,20.0,14.0,12.0,39.0
87.0,9.0,8.4,18.0,10.0,7.0,34.0
93.0,9.31,8.1,16.0,11.0,9.0,42.0
100.0,8.93,5.4,17.0,15.0,12.0,48.0
87.0,8.48,8.7,13.0,6.0,6.0,23.0
94.0,8.16,7.6,18.0,7.0,9.0,36.0
91.0,8.64,6.0,17.0,9.0,9.0,39.0
83.0,9.43,7.8,18.0,10.0,7.0,38.0
75.0,7.49,8.0,14.0,8.0,7.0,16.0
88.0,8.87,9.6,20.0,8.0,10.0,29.0
89.0,0.0,8.7,19.0,8.0,7.0,29.0
91.0,9.12,6.5,17.0,13.0,11.0,37.0
100.0,9.09,5.6,20.0,12.0,9.0,47.0
83.0,8.5,9.3,19.0,9.0,8.0,28.0
81.0,7.92,9.2,14.0,6.0,5.0,30.0
100.0,10.0,5.9,20.0,15.0,15.0,45.0
66.0,0.0,5.3,13.0,7.0,8.0,13.0
94.0,10.0,8.6,18.0,8.0,7.0,32.0
82.0,8.05,8.6,18.0,8.0,8.0,26.0
95.0,9.96,5.9,20.0,9.0,10.0,40.0
90.0,10.0,8.3,19.0,13.0,11.0,36.0
83.0,0.0,6.4,17.0,12.0,15.0,25.0
91.0,8.67,6.3,17.0,7.0,6.0,38.0
76.0,8.94,6.6,16.0,6.0,7.0,26.0
75.0,6.02,7.6,12.0,6.0,4.0,24.0
77.0,7.22,9.0,20.0,6.0,6.0,11.0
93.0,9.44,7.5,20.0,9.0,9.0,23.0
87.0,9.1,6.5,19.0,8.0,11.0,45.0
92.0,0.0,9.4,19.0,10.0,10.0,36.0
84.0,7.24,5.3,18.0,11.0,14.0,36.0
73.0,6.96,9.0,11.0,12.0,13.0,23.0
71.0,7.43,8.9,12.0,9.0,13.0,22.0
91.0,9.36,6.3,16.0,9.0,5.0,38.0
100.0,0.0,6.0,20.0,14.0,15.0,37.0
100.0,9.29,9.4,19.0,12.0,7.0,36.0
91.0,10.0,7.8,20.0,10.0,10.0,30.0
81.0,9.46,5.2,14.0,13.0,15.0,49.0
96.0,9.63,9.5,20.0,13.0,15.0,32.0
71.0,6.46,6.7,13.0,9.0,10.0,21.0
92.0,7.9,6.7,18.0,13.0,12.0,44.0
93.0,9.44,8.2,20.0,11.0,12.0,34.0
70.0,7.71,8.3,15.0,5.0,10.0,18.0
92.0,8.65,6.8,16.0,7.0,7.0,20.0
85.0,8.43,5.7,19.0,10.0,12.0,27.0
86.0,8.01,7.8,17.0,8.0,7.0,32.0
67.0,7.9,8.1,9.0,6.0,8.0,30.0
85.0,10.0,9.3,15.0,13.0,15.0,32.0
77.0,7.29,7.4,15.0,12.0,11.0,31.0
77.0,7.94,8.2,13.0,5.0,7.0,39.0
85.0,7.74,5.3,20.0,9.0,11.0,35.0
74.0,7.85,9.5,14.0,7.0,8.0,33.0
100.0,8.63,6.6,20.0,12.0,12.0,35.0
93.0,9.43,8.2,19.0,6.0,8.0,43.0
100.0,0.0,9.6,20.0,7.0,5.0,30.0
94.0,10.0,9.1,20.0,11.0,11.0,34.0
93.0,0.0,8.2,20.0,12.0,12.0,42.0
97.0,8.81,8.5,20.0,12.0,14.0,36.0
88.0,8.23,9.6,19.0,9.0,7.0,26.0
84.0,7.82,9.1,17.0,9.0,9.0,36.0
88.0,8.0,8.0,18.0,12.0,11.0,26.0
97.0,9.45,8.3,14.0,13.0,13.0,34.0
75.0,7.95,5.7,14.0,7.0,8.0,24.0
94.0,9.59,7.4,19.0,13.0,10.0,36.0
74.0,8.14,6.5,16.0,10.0,13.0,31.0
88.0,8.87,7.2,18.0,14.0,15.0,38.0
91.0,7.91,8.3,19.0,6.0,4.0,34.0
75.0,8.71,5.7,12.0,9.0,8.0,31.0
83.0,8.55,5.1,13.0,8.0,11.0,30.0
93.0,8.73,7.0,16.0,8.0,9.0,38.0
67.0,6.8,6.6,17.0,5.0,3.0,16.0
88.0,8.67,7.1,15.0,10.0,8.0,33.0
92.0,10.0,9.7,17.0,11.0,12.0,29.0
79.0,8.26,8.5,16.0,9.0,10.0,18.0
94.0,9.47,6.6,16.0,12.0,13.0,41.0
91.0,0.0,5.9,16.0,11.0,10.0,33.0
89.0,9.89,8.1,19.0,9.0,11.0,35.0
78.0,8.23,8.3,15.0,6.0,5.0,31.0
95.0,8.56,7.4,20.0,10.0,8.0,32.0
69.0,6.51,6.1,10.0,6.0,9.0,25.0
75.0,7.66,5.1,14.0,11.0,12.0,32.0
93.0,9.27,6.3,18.0,13.0,11.0,44.0
69.0,7.93,7.3,14.0,9.0,9.0,17.0
81.0,8.69,8.9,14.0,7.0,7.0,37.0
76.0,7.26,9.3,14.0,6.0,5.0,22.0
67.0,6.21,7.1,15.0,4.0,4.0,17.0
90.0,10.0,9.0,17.0,13.0,11.0,36.0
90.0,9.21,10.0,16.0,8.0,10.0,26.0
64.0,7.56,8.6,17.0,8.0,8.0,16.0
66.0,7.9,8.6,13.0,9.0,6.0,20.0
92.0,8.78,9.5,20.0,10.0,10.0,27.0
83.0,9.27,6.7,18.0,12.0,11.0,46.0
73.0,8.55,5.1,14.0,8.0,2.0,26.0
83.0,9.27,9.9,15.0,9.0,9.0,42.0
87.0,9.22,7.5,18.0,9.0,11.0,35.0
87.0,8.88,8.9,16.0,8.0,8.0,27.0
94.0,9.67,9.1,20.0,14.0,15.0,32.0
90.0,0.0,7.0,18.0,5.0,5.0,27.0
89.0,8.38,7.7,20.0,9.0,8.0,34.0
77.0,8.54,7.7,13.0,10.0,9.0,15.0
80.0,8.99,6.1,17.0,10.0,7.0,34.0
96.0,0.0,5.6,20.0,10.0,12.0,22.0
79.0,7.66,7.7,15.0,3.0,4.0,26.0
91.0,9.12,5.6,20.0,14.0,13.0,42.0
98.0,9.5,6.7,20.0,15.0,11.0,43.0
90.0,8.62,5.9,19.0,11.0,12.0,38.0
82.0,9.35,8.5,18.0,8.0,6.0,26.0
88.0,8.48,9.4,18.0,10.0,10.0,27.0
96.0,9.55,7.9,18.0,9.0,6.0,36.0
92.0,10.0,7.1,17.0,10.0,10.0,39.0
84.0,9.24,10.0,16.0,8.0,8.0,32.0
92.0,8.63,5.1,20.0,13.0,8.0,41.0
88.0,8.69,6.5,19.0,12.0,15.0,39.0
87.0,7.57,6.4,19.0,6.0,5.0,23.0
69.0,8.17,6.8,16.0,4.0,3.0,21.0
91.0,9.34,6.2,18.0,12.0,13.0,41.0
81.0,8.61,6.3,20.0,11.0,11.0,38.0
74.0,8.57,6.3,15.0,8.0,9.0,27.0
80.0,8.55,7.5,15.0,13.0,11.0,27.0
76.0,7.11,7.0,16.0,6.0,6.0,25.0
87.0,0.0,8.2,18.0,4.0,0.0,34.0
73.0,8.18,7.6,13.0,6.0,6.0,17.0
76.0,8.26,5.9,15.0,12.0,15.0,34.0
93.0,8.42,9.1,18.0,9.0,6.0,32.0
92.0,9.26,7.4,19.0,11.0,10.0,43.0
88.0,9.59,5.8,19.0,12.0,8.0,42.0
96.0,9.82,5.8,19.0,9.0,9.0,45.0
83.0,7.94,9.0,18.0,8.0,9.0,27.0
90.0,8.42,8.5,15.0,10.0,11.0,39.0
89.0,9.34,7.5,20.0,11.0,10.0,28.0
82.0,8.2,6.5,15.0,11.0,7.0,36.0
83.0,8.04,7.3,16.0,10.0,8.0,21.0
79.0,8.35,8.2,17.0,7.0,10.0,34.0
88.0,0.0,9.4,19.0,7.0,9.0,27.0
100.0,10.0,7.8,20.0,11.0,11.0,44.0
92.0,0.0,6.4,17.0,9.0,9.0,29.0
100.0,8.58,5.2,19.0,11.0,9.0,47.0
94.0,0.0,5.9,19.0,14.0,15.0,39.0
88.0,8.91,8.3,19.0,10.0,9.0,34.0
74.0,0.0,5.8,13.0,13.0,14.0,40.0
88.0,8.55,7.4,16.0,8.0,5.0,24.0
93.0,9.34,8.5,19.0,7.0,7.0,35.0
84.0,8.91,6.5,17.0,9.0,11.0,41.0
83.0,7.43,8.3,17.0,9.0,7.0,29.0
80.0,8.63,7.9,11.0,6.0,7.0,24.0
100.0,9.91,7.2,19.0,14.0,12.0,42.0
94.0,9.5,9.5,20.0,10.0,8.0,33.0
78.0,6.54,8.5,14.0,3.0,3.0,13.0
77.0,7.82,6.8,16.0,9.0,11.0,17.0
86.0,0.0,9.0,15.0,5.0,4.0,19.0
88.0,8.45,8.7,14.0,8.0,9.0,40.0
85.0,8.64,9.0,18.0,8.0,10.0,25.0
69.0,7.24,8.2,14.0,5.0,3.0,21.0
83.0,7.19,6.9,16.0,12.0,9.0,23.0
84.0,8.05,6.7,18.0,10.0,9.0,27.0
100.0,8.66,8.3,19.0,9.0,12.0,38.0
87.0,0.0,5.7,16.0,9.0,7.0,36.0
72.0,6.46,9.1,13.0,0.0,2.0,22.0
83.0,7.99,6.9,15.0,10.0,9.0,26.0
90.0,0.0,8.2,19.0,8.0,12.0,28.0
97.0,9.28,7.5,19.0,13.0,15.0,41.0
91.0,8.84,7.6,20.0,7.0,9.0,43.0
83.0,7.85,8.7,11.0,8.0,5.0,28.0
91.0,9.46,8.1,20.0,14.0,9.0,29.0
84.0,8.63,6.3,18.0,9.0,9.0,37.0
86.0,8.87,5.4,17.0,9.0,11.0,37.0
87.0,0.0,9.2,15.0,9.0,10.0,36.0
93.0,8.67,9.4,15.0,9.0,8.0,38.0
88.0,8.3,5.8,19.0,15.0,12.0,31.0
73.0,6.72,6.5,15.0,5.0,7.0,28.0
72.0,8.26,6.4,15.0,6.0,10.0,27.0
90.0,7.94,9.7,18.0,9.0,8.0,27.0
75.0,7.22,6.0,17.0,7.0,9.0,22.0
63.0,6.29,5.8,11.0,5.0,10.0,8.0
89.0,8.2,5.9,17.0,10.0,10.0,28.0
83.0,8.73,8.6,16.0,15.0,15.0,35.0
88.0,8.45,9.4,17.0,7.0,8.0,22.0
80.0,7.77,7.0,19.0,6.0,5.0,20.0
98.0,8.55,5.7,17.0,9.0,12.0,49.0
73.0,6.65,7.9,11.0,7.0,6.0,18.0
95.0,9.15,6.0,16.0,10.0,10.0,35.0
89.0,8.73,5.3,19.0,12.0,9.0,36.0
66.0,7.09,9.4,13.0,4.0,4.0,19.0
88.0,8.98,9.4,14.0,12.0,10.0,29.0
80.0,7.58,9.9,16.0,4.0,5.0,17.0
78.0,7.59,7.4,15.0,11.0,8.0,17.0
91.0,0.0,6.5,19.0,12.0,14.0,30.0
84.0,8.02,8.8,18.0,10.0,8.0,35.0
84.0,0.0,5.9,20.0,10.0,14.0,45.0
81.0,8.85,6.2,14.0,11.0,14.0,28.0
94.0,9.9,6.3,15.0,14.0,15.0,44.0
87.0,7.94,9.8,19.0,4.0,1.0,28.0
93.0,8.89,8.6,20.0,14.0,13.0,34.0
99.0,9.51,5.7,17.0,11.0,9.0,45.0
80.0,8.43,5.5,13.0,13.0,11.0,32.0
83.0,0.0,9.2,17.0,7.0,10.0,25.0
100.0,8.46,9.0,20.0,13.0,13.0,34.0
94.0,10.0,8.4,17.0,9.0,8.0,31.0
89.0,7.83,6.0,18.0,10.0,9.0,39.0
86.0,8.56,7.4,13.0,9.0,8.0,21.0
81.0,9.58,8.0,16.0,9.0,10.0,30.0
94.0,9.19,9.7,19.0,8.0,5.0,31.0
85.0,8.05,5.8,20.0,4.0,4.0,36.0
90.0,8.42,7.6,17.0,9.0,10.0,32.0
83.0,8.02,5.8,18.0,12.0,9.0,37.0
98.0,9.66,7.2,18.0,9.0,6.0,33.0
87.0,9.89,6.0,18.0,9.0,9.0,42.0
100.0,9.78,9.2,20.0,9.0,12.0,48.0
90.0,8.7,6.3,20.0,12.0,14.0,27.0
92.0,10.0,7.1,20.0,11.0,10.0,40.0
80.0,7.94,7.0,17.0,11.0,14.0,34.0
94.0,9.63,9.3,18.0,12.0,11.0,50.0
100.0,9.8,8.8,20.0,12.0,11.0,42.0
73.0,7.58,5.3,16.0,9.0,9.0,24.0
90.0,9.07,5.3,19.0,11.0,13.0,39.0
64.0,0.0,7.8,11.0,3.0,2.0,8.0
92.0,9.22,7.1,17.0,12.0,11.0,39.0
90.0,9.77,6.4,17.0,14.0,12.0,45.0
72.0,7.35,9.0,17.0,8.0,9.0,29.0
79.0,8.5,5.6,18.0,8.0,10.0,27.0
85.0,8.92,9.9,20.0,7.0,9.0,23.0
88.0,0.0,5.1,18.0,10.0,7.0,48.0
73.0,7.83,5.6,13.0,9.0,8.0,32.0
89.0,8.06,6.6,17.0,5.0,7.0,26.0
74.0,6.76,7.5,14.0,2.0,2.0,20.0
92.0,9.83,6.1,20.0,9.0,9.0,49.0
85.0,0.0,8.7,18.0,5.0,5.0,29.0
80.0,8.08,6.8,13.0,11.0,12.0,27.0
86.0,9.25,5.2,17.0,14.0,15.0,35.0
92.0,8.22,9.4,15.0,6.0,5.0,21.0
100.0,10.0,9.7,20.0,10.0,12.0,34.0
84.0,7.06,8.1,15.0,10.0,8.0,19.0
90.0,0.0,9.0,17.0,10.0,13.0,24.0
80.0,9.1,5.6,12.0,15.0,13.0,38.0
100.0,8.91,6.3,20.0,12.0,13.0,36.0
85.0,8.92,6.6,19.0,10.0,10.0,36.0
76.0,7.32,9.8,14.0,5.0,4.0,28.0
90.0,8.67,7.6,18.0,10.0,13.0,33.0
82.0,7.54,5.0,15.0,10.0,11.0,23.0
92.0,7.87,6.9,18.0,10.0,10.0,38.0
90.0,8.84,5.0,16.0,10.0,13.0,40.0
75.0,7.14,6.2,13.0,10.0,12.0,29.0
96.0,9.04,7.3,20.0,14.0,12.0,30.0
72.0,6.53,6.6,9.0,5.0,0.0,17.0
90.0,10.0,5.2,19.0,11.0,11.0,38.0
100.0,8.61,5.6,20.0,13.0,15.0,40.0
88.0,8.62,7.8,20.0,10.0,11.0,35.0
89.0,8.2,8.5,17.0,7.0,10.0,27.0
75.0,8.6,7.0,14.0,8.0,7.0,27.0
95.0,0.0,8.7,17.0,10.0,10.0,37.0
97.0,10.0,5.8,20.0,14.0,14.0,45.0
77.0,7.26,5.6,14.0,10.0,10.0,21.0
95.0,9.24,9.2,17.0,9.0,11.0,44.0
86.0,9.56,6.7,16.0,12.0,15.0,42.0
94.0,9.45,7.2,17.0,11.0,15.0,40.0
82.0,0.0,9.7,14.0,7.0,10.0,28.0
90.0,0.0,7.1,18.0,13.0,14.0,39.0
88.0,8.91,5.0,17.0,13.0,12.0,41.0
80.0,6.85,9.7,17.0,3.0,3.0,11.0
92.0,0.0,5.1,19.0,13.0,14.0,36.0
93.0,9.41,8.3,16.0,12.0,12.0,26.0
86.0,8.82,6.6,13.0,8.0,6.0,28.0
100.0,9.83,7.4,18.0,10.0,9.0,48.0
69.0,6.36,7.7,15.0,5.0,7.0,10.0
100.0,10.0,7.0,20.0,13.0,13.0,38.0
91.0,8.39,8.9,20.0,8.0,8.0,32.0
100.0,9.3,9.7,20.0,12.0,12.0,38.0
90.0,9.01,5.4,20.0,13.0,11.0,37.0
73.0,7.73,9.0,15.0,8.0,8.0,24.0
77.0,8.38,5.6,19.0,11.0,10.0,27.0
77.0,8.82,5.4,16.0,9.0,8.0,35.0
82.0,9.03,9.8,20.0,4.0,2.0,23.0
81.0,8.09,7.4,15.0,7.0,7.0,18.0
89.0,9.07,5.8,16.0,12.0,13.0,35.0
87.0,0.0,7.8,17.0,12.0,14.0,37.0
77.0,6.84,6.3,15.0,5.0,2.0,30.0
80.0,8.43,7.3,15.0,11.0,14.0,28.0
95.0,9.77,8.1,20.0,8.0,9.0,34.0
93.0,8.21,9.3,18.0,9.0,7.0,23.0
78.0,8.25,5.0,14.0,8.0,7.0,28.0
97.0,9.0,6.1,19.0,13.0,9.0,33.0
76.0,7.28,5.5,18.0,5.0,2.0,29.0
88.0,8.03,5.5,18.0,9.0,12.0,27.0
92.0,9.13,9.7,15.0,10.0,9.0,38.0
95.0,8.02,9.7,20.0,13.0,14.0,31.0
91.0,9.35,8.7,19.0,9.0,9.0,45.0
85.0,8.03,8.2,18.0,8.0,8.0,27.0
87.0,8.85,9.2,19.0,8.0,9.0,27.0
83.0,0.0,5.3,19.0,10.0,6.0,36.0
80.0,0.0,5.6,14.0,9.0,12.0,27.0
88.0,0.0,6.6,15.0,8.0,8.0,26.0
88.0,9.3,9.2,20.0,6.0,5.0,28.0
92.0,8.12,7.4,17.0,10.0,11.0,36.0
74.0,8.36,7.5,16.0,5.0,4.0,24.0
80.0,8.82,6.1,19.0,8.0,8.0,31.0
88.0,8.49,8.2,17.0,5.0,5.0,29.0
88.0,0.0,9.4,17.0,8.0,9.0,35.0
80.0,7.21,6.6,18.0,9.0,9.0,35.0
74.0,7.33,8.1,15.0,7.0,5.0,14.0
79.0,8.69,6.7,17.0,11.0,12.0,39.0
98.0,9.59,9.0,19.0,10.0,9.0,28.0
87.0,8.22,7.4,16.0,9.0,5.0,32.0
91.0,8.53,6.7,18.0,9.0,9.0,39.0
80.0,8.1,7.1,18.0,10.0,9.0,32.0
96.0,8.56,5.5,19.0,13.0,14.0,42.0
90.0,9.58,9.3,19.0,9.0,7.0,30.0
93.0,9.19,9.8,17.0,12.0,10.0,38.0
98.0,8.87,7.4,20.0,13.0,15.0,35.0
91.0,0.0,6.1,19.0,9.0,11.0,35.0
85.0,9.4,8.3,18.0,6.0,6.0,28.0
79.0,0.0,7.3,18.0,7.0,8.0,29.0
75.0,8.62,6.3,14.0,13.0,15.0,34.0
93.0,9.27,5.2,20.0,9.0,9.0,35.0
84.0,9.47,9.4,14.0,12.0,10.0,28.0
98.0,0.0,9.0,18.0,8.0,9.0,28.0
74.0,7.29,9.1,13.0,4.0,6.0,21.0
72.0,6.95,7.2,11.0,9.0,10.0,21.0
93.0,0.0,8.8,18.0,12.0,12.0,40.0
100.0,9.16,7.9,20.0,13.0,14.0,45.0
87.0,8.65,6.9,15.0,12.0,12.0,34.0
92.0,7.91,9.2,16.0,7.0,9.0,21.0
89.0,9.88,10.0,18.0,12.0,15.0,26.0
89.0,9.51,9.5,18.0,10.0,7.0,36.0
87.0,9.18,8.9,17.0,8.0,10.0,30.0
82.0,6.75,8.7,14.0,6.0,10.0,30.0
91.0,9.26,8.3,17.0,12.0,13.0,38.0
92.0,7.46,9.3,17.0,9.0,11.0,27.0
91.0,9.77,7.5,18.0,8.0,7.0,42.0
76.0,7.61,5.9,14.0,9.0,8.0,18.0
80.0,8.06,8.8,16.0,9.0,9.0,20.0
84.0,8.34,9.6,14.0,6.0,5.0,26.0
71.0,7.51,6.7,11.0,7.0,4.0,21.0
100.0,8.33,8.9,20.0,11.0,11.0,37.0
88.0,9.06,6.4,19.0,7.0,9.0,40.0
65.0,0.0,9.7,12.0,4.0,1.0,15.0
86.0,8.17,8.4,17.0,8.0,8.0,28.0
73.0,6.72,7.8,14.0,6.0,6.0,17.0
100.0,0.0,8.9,20.0,9.0,8.0,38.0
78.0,7.85,9.1,15.0,7.0,8.0,22.0
90.0,9.35,9.5,17.0,8.0,9.0,42.0
82.0,7.91,9.5,18.0,9.0,8.0,26.0
86.0,6.83,5.3,16.0,10.0,12.0,30.0
90.0,8.93,5.6,18.0,13.0,14.0,37.0
81.0,9.79,9.1,14.0,14.0,15.0,35.0
76.0,7.13,9.7,17.0,9.0,9.0,13.0
79.0,8.44,6.5,17.0,6.0,5.0,27.0
85.0,9.53,5.0,14.0,13.0,13.0,43.0
93.0,8.96,6.6,16.0,9.0,11.0,38.0
81.0,6.99,6.9,17.0,12.0,12.0,20.0
90.0,8.7,8.8,20.0,10.0,10.0,35.0
93.0,9.05,5.2,20.0,14.0,15.0,39.0
93.0,0.0,6.1,18.0,10.0,7.0,33.0
89.0,9.56,9.5,16.0,5.0,6.0,27.0
75.0,0.0,5.8,13.0,8.0,8.0,34.0
98.0,10.0,8.8,20.0,9.0,8.0,35.0
82.0,8.57,6.8,18.0,8.0,6.0,24.0
71.0,7.42,8.3,13.0,8.0,7.0,26.0
92.0,9.24,5.4,18.0,13.0,12.0,44.0
93.0,8.47,6.4,19.0,6.0,7.0,38.0
88.0,9.67,7.1,20.0,10.0,12.0,38.0
89.0,10.0,9.3,18.0,9.0,5.0,34.0
84.0,8.87,7.8,15.0,12.0,10.0,29.0
94.0,10.0,5.2,16.0,14.0,15.0,50.0
71.0,8.11,9.0,12.0,7.0,8.0,25.0
85.0,0.0,5.3,20.0,11.0,8.0,22.0
80.0,9.32,9.7,17.0,5.0,7.0,16.0
93.0,8.95,6.1,18.0,13.0,13.0,43.0
62.0,6.98,7.4,7.0,4.0,5.0,8.0
100.0,10.0,5.4,18.0,13.0,11.0,44.0
85.0,9.02,7.8,18.0,12.0,9.0,26.0
82.0,0.0,7.5,17.0,10.0,9.0,29.0
71.0,5.9,7.1,15.0,4.0,3.0,20.0
84.0,8.77,5.2,14.0,10.0,9.0,35.0
67.0,5.55,9.4,14.0,4.0,3.0,8.0
76.0,7.45,9.0,13.0,8.0,11.0,27.0
77.0,7.56,8.2,15.0,8.0,5.0,38.0
83.0,7.78,7.9,15.0,5.0,3.0,29.0
86.0,9.6,8.5,19.0,8.0,7.0,30.0
81.0,9.24,5.7,17.0,9.0,9.0,40.0
82.0,8.36,9.7,16.0,7.0,8.0,33.0
74.0,7.68,6.4,18.0,7.0,9.0,27.0
76.0,0.0,8.3,14.0,6.0,8.0,13.0
94.0,7.97,8.0,16.0,11.0,12.0,39.0
90.0,0.0,8.2,20.0,14.0,11.0,31.0
85.0,7.3,9.4,18.0,9.0,6.0,25.0
99.0,10.0,6.5,19.0,15.0,15.0,43.0
79.0,7.83,8.7,15.0,10.0,12.0,35.0
76.0,8.42,8.0,16.0,9.0,10.0,28.0
91.0,8.37,5.4,20.0,10.0,8.0,37.0
93.0,8.75,7.1,17.0,12.0,11.0,39.0
88.0,8.8,9.2,19.0,9.0,8.0,25.0
89.0,9.36,6.6,18.0,9.0,7.0,41.0
89.0,9.11,7.4,16.0,12.0,13.0,36.0
90.0,9.54,7.4,18.0,11.0,15.0,40.0
88.0,7.35,8.1,17.0,3.0,2.0,21.0
83.0,8.24,9.4,19.0,8.0,11.0,31.0
76.0,7.83,5.9,14.0,5.0,3.0,32.0
62.0,7.01,7.5,15.0,4.0,1.0,18.0
100.0,8.93,7.1,20.0,11.0,13.0,42.0
80.0,7.49,6.5,13.0,6.0,6.0,27.0
89.0,8.38,9.6,13.0,8.0,11.0,30.0
89.0,8.27,5.0,17.0,11.0,14.0,39.0
91.0,8.95,5.6,20.0,14.0,13.0,43.0
77.0,7.8,8.7,18.0,5.0,8.0,15.0
75.0,7.18,6.3,15.0,8.0,6.0,20.0
79.0,8.29,8.6,14.0,8.0,6.0,29.0
97.0,9.66,9.2,19.0,9.0,11.0,29.0
91.0,9.65,6.3,19.0,8.0,5.0,44.0
83.0,0.0,6.0,19.0,9.0,9.0,22.0
100.0,9.61,5.7,20.0,15.0,15.0,50.0
83.0,8.4,6.0,19.0,7.0,10.0,29.0
70.0,7.22,6.3,15.0,7.0,6.0,21.0
94.0,9.58,9.3,20.0,11.0,13.0,35.0
91.0,9.13,8.9,14.0,12.0,10.0,33.0
90.0,9.08,5.0,16.0,13.0,12.0,46.0
81.0,7.69,9.4,14.0,7.0,7.0,16.0
100.0,9.38,5.4,18.0,14.0,15.0,41.0
89.0,7.78,8.3,18.0,7.0,5.0,26.0
82.0,8.81,5.8,14.0,7.0,11.0,32.0
87.0,0.0,5.3,16.0,10.0,6.0,39.0
76.0,7.52,8.8,15.0,7.0,7.0,21.0
100.0,9.81,7.3,17.0,13.0,13.0,40.0
87.0,9.13,8.0,16.0,13.0,10.0,36.0
82.0,7.29,7.1,18.0,8.0,11.0,21.0
82.0,7.63,5.3,14.0,11.0,10.0,26.0
76.0,7.81,8.7,17.0,1.0,1.0,18.0
88.0,8.57,9.1,16.0,11.0,12.0,15.0
95.0,9.23,5.2,20.0,13.0,10.0,46.0
73.0,7.64,6.9,12.0,9.0,7.0,29.0
86.0,8.6,7.8,18.0,11.0,14.0,39.0
66.0,7.62,8.0,13.0,6.0,6.0,16.0
91.0,9.67,7.9,19.0,8.0,3.0,36.0
68.0,6.22,8.5,13.0,8.0,7.0,6.0
92.0,9.51,9.8,20.0,8.0,8.0,23.0
100.0,0.0,7.0,20.0,11.0,11.0,42.0
89.0,8.39,7.8,18.0,10.0,6.0,33.0
85.0,8.52,8.5,16.0,8.0,8.0,35.0
74.0,0.0,8.0,14.0,6.0,4.0,26.0
87.0,9.83,6.9,15.0,12.0,12.0,48.0
96.0,9.58,8.1,20.0,15.0,15.0,43.0
71.0,8.23,8.3,15.0,9.0,10.0,31.0
71.0,7.16,7.9,17.0,4.0,7.0,14.0
92.0,9.1,6.0,20.0,9.0,13.0,43.0
93.0,9.15,7.5,17.0,10.0,8.0,42.0
86.0,0.0,9.4,18.0,8.0,7.0,24.0
95.0,9.56,9.3,19.0,10.0,11.0,37.0
70.0,7.79,8.8,16.0,4.0,4.0,18.0
82.0,8.1,8.5,15.0,9.0,4.0,36.0
100.0,10.0,5.8,20.0,13.0,13.0,40.0
88.0,7.3,7.3,16.0,6.0,8.0,26.0
81.0,7.16,5.6,16.0,10.0,7.0,30.0
76.0,6.64,9.1,13.0,8.0,8.0,20.0
87.0,8.17,6.5,13.0,11.0,7.0,50.0
79.0,8.61,8.8,14.0,12.0,14.0,35.0
67.0,6.84,9.1,13.0,8.0,8.0,4.0
93.0,10.0,9.5,20.0,12.0,11.0,38.0
87.0,7.7,8.8,15.0,7.0,6.0,26.0
95.0,9.13,7.8,18.0,10.0,7.0,36.0
89.0,8.74,8.0,15.0,7.0,9.0,33.0
81.0,8.11,6.6,19.0,7.0,5.0,24.0
87.0,9.88,5.9,16.0,10.0,11.0,38.0
99.0,9.13,5.7,19.0,12.0,10.0,41.0
77.0,9.6,5.9,15.0,7.0,11.0,31.0
84.0,9.28,9.7,13.0,10.0,13.0,29.0
90.0,8.3,5.8,15.0,9.0,13.0,31.0
92.0,8.13,8.6,16.0,10.0,14.0,39.0
83.0,8.48,5.9,18.0,12.0,11.0,36.0
82.0,0.0,9.9,11.0,10.0,8.0,30.0
85.0,9.42,6.8,18.0,10.0,14.0,35.0
87.0,8.71,7.1,18.0,12.0,12.0,33.0
85.0,8.93,7.0,13.0,11.0,13.0,39.0
89.0,8.91,9.1,17.0,14.0,13.0,32.0
86.0,0.0,6.1,20.0,11.0,10.0,20.0
96.0,9.34,9.2,17.0,13.0,15.0,38.0
89.0,9.6,8.3,17.0,6.0,2.0,27.0
81.0,7.79,6.1,20.0,9.0,11.0,32.0
86.0,9.9,5.3,18.0,15.0,15.0,45.0
93.0,8.39,8.9,18.0,11.0,10.0,29.0
96.0,8.88,6.1,18.0,13.0,13.0,35.0
90.0,8.25,9.4,19.0,9.0,9.0,38.0
91.0,9.4,5.6,20.0,14.0,14.0,41.0
100.0,8.62,8.1,16.0,7.0,8.0,42.0
100.0,9.08,8.5,16.0,13.0,11.0,42.0
100.0,9.24,8.3,18.0,11.0,15.0,38.0
96.0,9.17,6.6,19.0,10.0,10.0,37.0
91.0,8.23,9.4,18.0,9.0,9.0,26.0
78.0,8.26,8.8,12.0,7.0,11.0,33.0
81.0,8.68,7.6,16.0,7.0,3.0,28.0
85.0,8.76,8.0,17.0,9.0,13.0,28.0
62.0,0.0,7.8,11.0,7.0,7.0,20.0
100.0,9.48,9.7,19.0,10.0,9.0,31.0
81.0,7.72,9.5,15.0,4.0,2.0,24.0
78.0,8.62,6.2,17.0,7.0,4.0,34.0
67.0,6.55,6.3,13.0,3.0,2.0,14.0
88.0,9.19,9.9,15.0,11.0,12.0,33.0
87.0,0.0,6.2,19.0,13.0,14.0,40.0
86.0,7.76,9.8,14.0,12.0,13.0,27.0
95.0,7.85,8.2,16.0,7.0,6.0,34.0
89.0,9.66,5.3,17.0,15.0,15.0,39.0
71.0,5.92,6.7,14.0,0.0,5.0,16.0
89.0,8.19,7.4,18.0,9.0,12.0,31.0
96.0,9.46,9.2,17.0,11.0,10.0,35.0
77.0,7.09,6.6,17.0,7.0,8.0,16.0
74.0,7.61,6.6,18.0,6.0,7.0,21.0
97.0,9.02,9.6,19.0,10.0,13.0,32.0
81.0,7.9,5.4,17.0,6.0,5.0,33.0
82.0,8.65,7.8,12.0,12.0,10.0,33.0
78.0,7.72,7.5,15.0,7.0,9.0,28.0
91.0,9.26,5.3,17.0,12.0,13.0,33.0
80.0,7.86,5.4,14.0,9.0,7.0,33.0
89.0,9.29,6.9,16.0,10.0,11.0,32.0
74.0,7.68,5.7,14.0,9.0,13.0,34.0
84.0,9.48,7.4,14.0,14.0,13.0,43.0
68.0,7.65,8.0,13.0,4.0,2.0,23.0
78.0,8.56,8.5,14.0,6.0,6.0,27.0
83.0,8.18,7.7,18.0,8.0,9.0,18.0
83.0,10.0,6.9,17.0,12.0,12.0,43.0
86.0,9.08,5.6,18.0,12.0,14.0,39.0
79.0,8.49,6.2,18.0,9.0,10.0,35.0
96.0,0.0,7.1,18.0,14.0,15.0,35.0
70.0,8.71,9.6,15.0,6.0,5.0,23.0
89.0,9.04,6.0,20.0,8.0,6.0,37.0
73.0,7.94,7.1,13.0,6.0,5.0,21.0
83.0,7.67,8.7,13.0,6.0,3.0,23.0
69.0,7.73,8.5,12.0,3.0,4.0,15.0
98.0,9.54,9.8,20.0,11.0,7.0,33.0
87.0,7.79,6.0,15.0,11.0,10.0,32.0
80.0,7.93,5.1,15.0,8.0,7.0,27.0
86.0,0.0,6.6,16.0,10.0,8.0,39.0
84.0,9.37,5.7,16.0,7.0,6.0,33.0
98.0,9.53,7.7,18.0,10.0,10.0,35.0
74.0,7.23,9.5,12.0,3.0,6.0,21.0
78.0,8.4,8.4,15.0,10.0,8.0,31.0
86.0,8.21,5.7,17.0,14.0,15.0,36.0
99.0,9.53,5.6,20.0,11.0,12.0,48.0
72.0,6.84,9.6,15.0,4.0,4.0,15.0
95.0,9.5,7.4,17.0,9.0,8.0,36.0
98.0,10.0,9.6,18.0,11.0,9.0,33.0
67.0,7.56,8.7,15.0,4.0,8.0,25.0
92.0,9.5,10.0,18.0,11.0,11.0,34.0
100.0,0.0,9.4,18.0,13.0,12.0,36.0
89.0,8.67,7.1,18.0,7.0,11.0,29.0
100.0,9.77,8.8,18.0,12.0,12.0,41.0
99.0,9.0,7.4,20.0,8.0,13.0,39.0
84.0,8.95,6.2,18.0,11.0,8.0,39.0
89.0,9.34,6.2,16.0,11.0,11.0,39.0
84.0,6.84,7.0,20.0,6.0,3.0,19.0
78.0,7.75,5.6,15.0,8.0,8.0,27.0
92.0,9.14,5.9,13.0,11.0,11.0,47.0
70.0,7.51,7.5,15.0,6.0,5.0,13.0
87.0,7.08,9.8,12.0,7.0,7.0,25.0
83.0,8.02,7.9,19.0,8.0,7.0,32.0
89.0,9.07,7.0,18.0,12.0,12.0,29.0
89.0,9.42,6.2,18.0,11.0,9.0,41.0
93.0,9.62,6.0,18.0,14.0,15.0,44.0
66.0,7.58,8.3,14.0,7.0,5.0,9.0
91.0,8.99,9.2,17.0,6.0,6.0,30.0
89.0,7.96,7.0,18.0,10.0,8.0,28.0
97.0,0.0,7.8,19.0,12.0,10.0,42.0
86.0,9.21,8.5,11.0,12.0,11.0,39.0
89.0,9.25,5.3,19.0,12.0,12.0,48.0
83.0,9.07,6.8,18.0,10.0,10.0,34.0
94.0,9.41,8.6,20.0,12.0,10.0,30.0
90.0,8.86,8.4,19.0,9.0,8.0,32.0
82.0,9.48,5.3,19.0,14.0,12.0,26.0
94.0,9.16,6.2,19.0,13.0,11.0,37.0
86.0,8.29,8.4,17.0,11.0,13.0,36.0
93.0,10.0,6.4,17.0,13.0,10.0,37.0
90.0,8.39,9.1,14.0,10.0,10.0,32.0
85.0,6.6,5.1,18.0,12.0,15.0,29.0
92.0,9.53,6.0,17.0,13.0,15.0,48.0
83.0,8.57,6.4,13.0,6.0,7.0,31.0
89.0,8.64,9.6,17.0,8.0,8.0,31.0
100.0,8.73,9.0,20.0,11.0,12.0,36.0
92.0,9.03,9.4,18.0,9.0,10.0,35.0
80.0,8.39,7.2,16.0,10.0,13.0,37.0
75.0,7.36,9.1,12.0,6.0,6.0,21.0
84.0,0.0,9.3,19.0,5.0,7.0,28.0
93.0,0.0,7.0,19.0,7.0,6.0,26.0
93.0,8.44,10.0,20.0,9.0,13.0,33.0
100.0,10.0,9.3,19.0,10.0,10.0,41.0
78.0,7.58,9.9,16.0,6.0,3.0,7.0
82.0,8.72,9.3,12.0,7.0,7.0,23.0
98.0,9.87,8.9,18.0,9.0,11.0,39.0
73.0,8.29,9.7,12.0,6.0,9.0,32.0
77.0,7.93,7.1,16.0,8.0,6.0,19.0
77.0,8.48,8.9,13.0,9.0,6.0,28.0
96.0,9.24,6.1,18.0,15.0,15.0,40.0
88.0,8.17,8.7,17.0,8.0,9.0,25.0
92.0,8.66,8.9,17.0,11.0,8.0,32.0
92.0,9.33,8.6,16.0,8.0,7.0,26.0
96.0,0.0,9.2,20.0,12.0,11.0,40.0
80.0,7.87,7.1,16.0,9.0,11.0,20.0
88.0,7.19,7.7,20.0,7.0,6.0,23.0
90.0,0.0,5.1,16.0,12.0,11.0,43.0
86.0,0.0,5.7,16.0,9.0,9.0,36.0
78.0,7.08,8.2,16.0,9.0,6.0,26.0
81.0,8.31,7.8,19.0,7.0,11.0,33.0
78.0,7.36,6.0,19.0,8.0,10.0,25.0
80.0,9.19,6.2,15.0,13.0,12.0,45.0
81.0,8.78,6.7,15.0,13.0,11.0,37.0
99.0,0.0,8.6,20.0,13.0,11.0,42.0
100.0,8.44,8.0,20.0,12.0,13.0,38.0
81.0,7.52,5.3,16.0,7.0,5.0,31.0
72.0,7.17,8.8,15.0,5.0,5.0,16.0
70.0,7.06,6.3,16.0,5.0,2.0,20.0
87.0,8.17,8.4,19.0,6.0,7.0,25.0
90.0,8.74,5.6,20.0,13.0,14.0,44.0
100.0,0.0,10.0,20.0,9.0,9.0,33.0
88.0,8.76,5.4,20.0,13.0,13.0,34.0
80.0,7.34,8.7,14.0,6.0,8.0,22.0
91.0,9.3,7.7,20.0,11.0,11.0,42.0
95.0,8.62,5.4,20.0,12.0,14.0,45.0
96.0,9.06,5.1,19.0,11.0,9.0,39.0
82.0,8.42,6.8,19.0,12.0,13.0,32.0
61.0,6.9,9.0,12.0,5.0,5.0,11.0
52.0,6.85,5.2,11.0,6.0,8.0,13.0
77.0,8.58,8.5,17.0,8.0,8.0,23.0
92.0,8.29,8.3,20.0,7.0,7.0,35.0
99.0,9.45,6.3,19.0,11.0,10.0,38.0
82.0,7.61,5.4,18.0,10.0,13.0,32.0
91.0,8.84,9.6,17.0,13.0,8.0,36.0
96.0,9.19,6.5,20.0,12.0,13.0,37.0
81.0,7.77,5.6,16.0,11.0,11.0,27.0
99.0,0.0,8.4,16.0,9.0,9.0,31.0
84.0,8.13,6.1,15.0,13.0,12.0,34.0
90.0,9.65,7.4,20.0,11.0,11.0,42.0
83.0,8.26,5.3,16.0,12.0,13.0,35.0
83.0,8.63,10.0,19.0,8.0,6.0,30.0
67.0,7.42,7.2,11.0,8.0,8.0,13.0
94.0,9.04,10.0,20.0,12.0,13.0,30.0
84.0,8.52,6.9,17.0,7.0,5.0,35.0
72.0,8.77,6.7,14.0,14.0,15.0,30.0
85.0,8.83,9.6,15.0,12.0,13.0,28.0
86.0,9.13,6.6,18.0,12.0,10.0,38.0
75.0,7.28,7.2,13.0,6.0,4.0,29.0
83.0,8.23,5.4,15.0,12.0,10.0,35.0
100.0,9.59,9.8,20.0,10.0,10.0,25.0
98.0,9.03,5.4,19.0,13.0,13.0,44.0
75.0,7.63,8.9,17.0,10.0,13.0,20.0
80.0,8.5,7.7,11.0,6.0,5.0,30.0
97.0,8.53,5.3,19.0,10.0,8.0,47.0
90.0,10.0,5.0,17.0,15.0,15.0,50.0
95.0,10.0,9.7,19.0,7.0,5.0,33.0
90.0,9.41,8.7,17.0,9.0,7.0,26.0
85.0,8.67,8.4,19.0,8.0,6.0,35.0
76.0,5.92,7.2,15.0,8.0,2.0,24.0
73.0,0.0,6.2,15.0,8.0,9.0,26.0
82.0,0.0,8.4,18.0,4.0,6.0,24.0
83.0,0.0,8.0,17.0,7.0,9.0,29.0
83.0,7.15,8.6,14.0,6.0,10.0,24.0
77.0,7.9,6.8,15.0,7.0,10.0,25.0
66.0,6.17,9.9,13.0,2.0,1.0,7.0
77.0,7.77,5.3,12.0,9.0,11.0,28.0
96.0,0.0,5.4,18.0,13.0,13.0,50.0
87.0,8.89,9.6,17.0,11.0,10.0,29.0
69.0,7.68,8.2,18.0,5.0,3.0,20.0
95.0,9.23,6.6,20.0,11.0,10.0,47.0
78.0,8.05,8.8,16.0,9.0,10.0,29.0
78.0,6.71,7.3,19.0,9.0,12.0,16.0
61.0,6.89,5.1,13.0,5.0,6.0,17.0
96.0,9.98,8.3,20.0,11.0,9.0,45.0
94.0,9.53,6.2,18.0,10.0,8.0,39.0
84.0,8.5,5.6,14.0,13.0,14.0,43.0
95.0,8.79,6.1,20.0,14.0,15.0,39.0
83.0,7.55,7.4,20.0,6.0,8.0,25.0
85.0,8.93,5.2,20.0,9.0,8.0,25.0
90.0,8.96,9.4,19.0,10.0,11.0,21.0
86.0,8.16,7.8,16.0,8.0,10.0,26.0
92.0,7.62,6.5,15.0,8.0,5.0,37.0
93.0,0.0,8.4,17.0,9.0,10.0,34.0
71.0,8.22,9.0,15.0,5.0,7.0,20.0
100.0,9.09,8.1,19.0,10.0,11.0,42.0
93.0,0.0,6.0,20.0,14.0,14.0,38.0
91.0,8.98,5.6,15.0,9.0,14.0,48.0
66.0,5.91,9.3,13.0,5.0,9.0,24.0
88.0,7.8,6.2,16.0,9.0,9.0,16.0
80.0,9.02,5.1,18.0,10.0,10.0,30.0
85.0,7.41,8.2,18.0,9.0,10.0,17.0
89.0,8.73,5.8,16.0,10.0,10.0,30.0
78.0,0.0,10.0,17.0,4.0,7.0,22.0
82.0,7.89,9.3,13.0,8.0,5.0,15.0
81.0,8.14,8.0,13.0,9.0,9.0,29.0
72.0,7.81,9.2,13.0,6.0,7.0,23.0
92.0,8.2,7.4,14.0,12.0,14.0,25.0
65.0,6.1,8.9,13.0,2.0,0.0,13.0
91.0,9.17,8.2,18.0,10.0,8.0,35.0
92.0,9.54,5.1,18.0,11.0,8.0,40.0
82.0,8.05,9.7,17.0,9.0,7.0,22.0
90.0,8.93,9.3,17.0,7.0,4.0,34.0
91.0,8.72,9.8,16.0,9.0,10.0,25.0
88.0,0.0,8.7,16.0,9.0,9.0,28.0
100.0,9.8,7.1,18.0,12.0,12.0,41.0
79.0,8.94,6.0,15.0,11.0,11.0,40.0
97.0,7.9,5.9,20.0,8.0,10.0,31.0
83.0,7.89,5.7,13.0,9.0,7.0,29.0
52.0,5.78,6.1,10.0,0.0,0.0,12.0
94.0,10.0,7.8,20.0,15.0,15.0,41.0
80.0,7.98,8.4,18.0,7.0,6.0,22.0
95.0,8.59,6.6,18.0,14.0,12.0,39.0
78.0,8.18,7.7,20.0,9.0,10.0,28.0
95.0,9.67,6.7,17.0,13.0,9.0,48.0
80.0,8.21,8.5,16.0,5.0,3.0,20.0
87.0,8.77,9.9,15.0,11.0,6.0,23.0
81.0,8.25,8.4,17.0,9.0,10.0,44.0
87.0,7.76,5.3,20.0,11.0,14.0,34.0
72.0,7.87,7.4,18.0,8.0,7.0,30.0
79.0,7.27,8.9,17.0,7.0,5.0,25.0
90.0,9.07,7.7,17.0,8.0,12.0,35.0
90.0,8.61,9.8,18.0,9.0,10.0,35.0
98.0,9.87,5.3,20.0,13.0,15.0,50.0
85.0,8.0,6.5,18.0,7.0,7.0,33.0
71.0,7.95,6.1,14.0,7.0,7.0,24.0
66.0,7.48,8.8,13.0,5.0,8.0,21.0
73.0,7.89,7.6,17.0,7.0,7.0,32.0
91.0,8.69,5.7,20.0,10.0,10.0,35.0
90.0,7.88,6.4,15.0,10.0,5.0,34.0
82.0,8.32,7.6,17.0,11.0,14.0,31.0
81.0,7.19,10.0,17.0,6.0,7.0,19.0
93.0,9.27,6.8,18.0,11.0,11.0,37.0
96.0,8.89,5.8,20.0,13.0,15.0,35.0
81.0,8.3,7.5,16.0,5.0,3.0,26.0
79.0,8.46,6.6,18.0,8.0,7.0,29.0
71.0,6.12,7.8,13.0,5.0,6.0,20.0
97.0,9.38,7.3,20.0,8.0,8.0,34.0
93.0,8.2,8.4,19.0,11.0,12.0,29.0
94.0,8.72,9.6,20.0,9.0,9.0,27.0
84.0,8.04,6.0,18.0,11.0,12.0,35.0
82.0,9.38,9.1,15.0,11.0,8.0,34.0
89.0,9.22,9.7,17.0,10.0,13.0,40.0
78.0,8.56,6.9,15.0,5.0,4.0,30.0
87.0,8.42,5.6,17.0,11.0,11.0,38.0
98.0,9.7,9.1,18.0,11.0,10.0,39.0
87.0,8.25,8.5,17.0,7.0,6.0,34.0
84.0,8.13,6.1,20.0,5.0,5.0,15.0
77.0,7.76,7.2,18.0,8.0,9.0,19.0
81.0,8.14,7.9,13.0,6.0,8.0,31.0
77.0,7.78,5.8,12.0,12.0,13.0,24.0
92.0,9.07,8.6,17.0,10.0,9.0,37.0
65.0,6.41,8.4,9.0,6.0,7.0,17.0
79.0,7.88,9.4,13.0,7.0,7.0,21.0
84.0,8.83,7.8,18.0,11.0,11.0,36.0
85.0,8.74,7.9,17.0,10.0,11.0,39.0
100.0,8.94,8.1,17.0,12.0,9.0,38.0
77.0,6.53,6.4,18.0,2.0,0.0,15.0
82.0,8.82,8.8,16.0,11.0,13.0,31.0
64.0,0.0,8.3,12.0,8.0,8.0,22.0
90.0,9.02,9.2,20.0,9.0,10.0,27.0
85.0,8.54,8.8,18.0,7.0,5.0,30.0
77.0,8.28,8.2,15.0,7.0,10.0,22.0
90.0,8.08,5.8,17.0,11.0,12.0,33.0
91.0,9.03,9.6,19.0,12.0,12.0,37.0
80.0,7.92,6.8,15.0,7.0,8.0,26.0
76.0,7.18,9.8,15.0,2.0,0.0,15.0
83.0,8.59,7.0,14.0,15.0,15.0,34.0
82.0,8.62,5.7,19.0,11.0,14.0,30.0
88.0,8.57,9.4,20.0,7.0,8.0,35.0
99.0,10.0,9.0,20.0,14.0,14.0,35.0
98.0,8.96,8.9,19.0,11.0,10.0,19.0
93.0,8.53,5.4,20.0,13.0,15.0,43.0
67.0,0.0,9.4,15.0,2.0,4.0,9.0
94.0,9.76,8.0,18.0,13.0,12.0,34.0
84.0,7.2,7.4,19.0,10.0,11.0,28.0
89.0,8.4,9.6,17.0,6.0,6.0,33.0
81.0,7.93,8.3,14.0,8.0,9.0,21.0
66.0,7.49,5.7,13.0,6.0,4.0,25.0
88.0,8.92,7.6,20.0,9.0,11.0,33.0
80.0,0.0,8.2,16.0,7.0,8.0,34.0
91.0,8.65,9.5,16.0,10.0,12.0,22.0
99.0,8.72,6.4,19.0,10.0,8.0,35.0
98.0,8.69,9.0,20.0,11.0,9.0,37.0
79.0,7.87,9.0,16.0,8.0,12.0,21.0
89.0,9.06,5.6,18.0,12.0,14.0,44.0
100.0,10.0,5.1,20.0,11.0,9.0,50.0
75.0,7.37,7.9,17.0,7.0,9.0,23.0
81.0,7.17,8.9,18.0,7.0,6.0,21.0
97.0,8.12,7.8,17.0,9.0,6.0,32.0
82.0,8.64,9.1,18.0,8.0,4.0,26.0
87.0,8.0,8.1,18.0,4.0,4.0,32.0
79.0,0.0,8.3,19.0,10.0,13.0,25.0
95.0,9.24,5.1,19.0,14.0,15.0,49.0
95.0,0.0,5.4,20.0,10.0,13.0,50.0
76.0,8.53,8.6,16.0,6.0,8.0,31.0
98.0,10.0,8.8,17.0,14.0,15.0,34.0
74.0,7.5,7.7,17.0,6.0,8.0,28.0
92.0,9.44,8.0,20.0,13.0,9.0,29.0
91.0,9.61,8.1,17.0,9.0,11.0,34.0
94.0,9.7,5.5,19.0,15.0,13.0,44.0
96.0,8.47,8.3,20.0,11.0,9.0,44.0
77.0,7.53,7.4,14.0,6.0,7.0,24.0
100.0,9.44,8.0,20.0,13.0,15.0,42.0
90.0,9.65,7.8,16.0,10.0,9.0,35.0
94.0,9.8,8.8,18.0,7.0,8.0,35.0
80.0,7.2,6.6,18.0,5.0,6.0,24.0
74.0,7.5,6.9,15.0,5.0,4.0,19.0
98.0,8.38,7.0,19.0,8.0,8.0,39.0
70.0,6.36,8.8,17.0,5.0,9.0,21.0
79.0,9.82,7.2,14.0,10.0,9.0,37.0
86.0,8.02,5.9,17.0,9.0,9.0,27.0
96.0,9.65,9.9,20.0,11.0,11.0,31.0
92.0,8.86,7.5,17.0,11.0,11.0,39.0
80.0,9.59,5.5,17.0,12.0,14.0,39.0
71.0,6.43,8.4,16.0,4.0,7.0,17.0
94.0,9.62,8.7,19.0,13.0,13.0,42.0
94.0,10.0,7.5,17.0,13.0,11.0,38.0
92.0,8.78,8.2,18.0,13.0,15.0,27.0
91.0,9.77,5.9,13.0,12.0,12.0,40.0
74.0,7.4,6.8,17.0,7.0,4.0,18.0
90.0,8.46,5.8,19.0,11.0,15.0,27.0
88.0,8.01,6.9,17.0,10.0,12.0,34.0
56.0,6.68,7.8,8.0,6.0,9.0,8.0
80.0,8.75,7.2,18.0,8.0,11.0,25.0
79.0,8.9,8.0,15.0,10.0,15.0,35.0
81.0,7.83,7.5,17.0,9.0,7.0,27.0
83.0,8.65,6.6,17.0,9.0,7.0,30.0
95.0,9.61,5.7,16.0,15.0,14.0,39.0
83.0,9.82,6.3,19.0,14.0,13.0,38.0
79.0,8.57,6.0,18.0,7.0,7.0,32.0
90.0,7.88,8.5,20.0,7.0,6.0,27.0
96.0,9.07,9.1,20.0,10.0,8.0,25.0
96.0,8.44,8.6,17.0,9.0,7.0,31.0
84.0,9.1,8.2,19.0,8.0,7.0,32.0
97.0,9.37,6.5,20.0,15.0,15.0,39.0
83.0,7.33,8.6,17.0,5.0,4.0,25.0
93.0,9.19,8.0,19.0,8.0,10.0,31.0
89.0,9.92,5.2,16.0,13.0,10.0,50.0
95.0,9.09,9.5,15.0,10.0,4.0,27.0
82.0,8.39,5.4,16.0,11.0,11.0,37.0
73.0,6.52,7.5,18.0,9.0,8.0,14.0
87.0,8.66,7.6,20.0,8.0,6.0,44.0
77.0,0.0,9.2,15.0,5.0,3.0,22.0
86.0,8.53,9.6,18.0,11.0,10.0,24.0
72.0,6.95,9.7,12.0,4.0,2.0,17.0
100.0,9.36,7.8,20.0,13.0,11.0,33.0
70.0,7.02,8.4,13.0,2.0,0.0,17.0
91.0,7.91,5.4,18.0,14.0,10.0,38.0
88.0,8.75,7.4,17.0,12.0,8.0,39.0
65.0,7.46,9.5,12.0,3.0,8.0,9.0
83.0,8.97,7.3,19.0,11.0,11.0,26.0
100.0,10.0,5.3,20.0,15.0,15.0,50.0
80.0,8.15,6.0,16.0,4.0,4.0,29.0
86.0,7.31,7.1,20.0,7.0,7.0,22.0
85.0,8.42,6.2,15.0,13.0,14.0,39.0
78.0,8.28,7.0,15.0,9.0,10.0,23.0
95.0,9.63,6.7,16.0,14.0,12.0,41.0
86.0,9.26,6.6,17.0,12.0,11.0,33.0
87.0,10.0,5.5,19.0,13.0,14.0,36.0
67.0,6.3,9.4,16.0,5.0,1.0,24.0
89.0,0.0,8.5,16.0,9.0,12.0,29.0
81.0,9.99,8.1,17.0,6.0,8.0,34.0
82.0,8.27,8.0,19.0,10.0,6.0,28.0
75.0,8.05,7.0,17.0,9.0,7.0,24.0
91.0,9.07,9.1,19.0,6.0,6.0,24.0
80.0,0.0,9.7,15.0,6.0,8.0,28.0
78.0,7.74,5.0,14.0,9.0,12.0,26.0
92.0,0.0,5.4,17.0,13.0,12.0,39.0
83.0,7.33,8.4,17.0,3.0,8.0,20.0
89.0,8.31,6.2,16.0,8.0,8.0,34.0
79.0,8.06,9.6,17.0,7.0,7.0,18.0
92.0,8.49,8.3,19.0,13.0,14.0,37.0
69.0,8.48,6.8,14.0,6.0,7.0,23.0
76.0,7.64,7.1,12.0,6.0,7.0,11.0
84.0,8.21,8.5,17.0,6.0,10.0,30.0
70.0,7.02,5.7,13.0,11.0,11.0,18.0
89.0,8.89,9.4,20.0,11.0,9.0,27.0
80.0,7.7,5.0,13.0,7.0,5.0,33.0
99.0,10.0,9.9,19.0,8.0,11.0,30.0
79.0,7.31,5.8,17.0,7.0,8.0,22.0
89.0,9.56,8.7,16.0,14.0,11.0,41.0
71.0,7.8,5.2,18.0,9.0,6.0,26.0
100.0,0.0,7.2,20.0,11.0,11.0,46.0
83.0,9.05,8.2,15.0,9.0,10.0,28.0
82.0,8.03,5.4,15.0,7.0,6.0,20.0
97.0,9.34,7.2,20.0,12.0,9.0,40.0
87.0,8.41,6.5,20.0,9.0,7.0,23.0
79.0,7.14,7.5,15.0,9.0,12.0,31.0
90.0,8.76,7.5,19.0,8.0,9.0,38.0
72.0,8.14,8.9,12.0,9.0,11.0,29.0
59.0,6.73,5.6,16.0,4.0,6.0,17.0
100.0,8.84,5.4,20.0,13.0,12.0,50.0
69.0,8.18,7.0,15.0,6.0,5.0,21.0
72.0,6.71,9.4,13.0,3.0,3.0,19.0
96.0,0.0,9.3,17.0,10.0,11.0,31.0
90.0,8.71,7.8,19.0,11.0,13.0,41.0
82.0,8.54,9.4,20.0,7.0,11.0,34.0
80.0,9.4,9.0,15.0,5.0,7.0,31.0
97.0,9.43,6.4,17.0,10.0,12.0,42.0
97.0,9.24,5.9,20.0,11.0,15.0,46.0
67.0,0.0,6.5,17.0,3.0,3.0,15.0
63.0,7.05,6.1,11.0,4.0,6.0,6.0
91.0,10.0,8.1,18.0,10.0,11.0,32.0
100.0,0.0,7.9,20.0,13.0,14.0,40.0
97.0,9.47,8.0,20.0,8.0,8.0,42.0
77.0,9.07,5.9,15.0,11.0,8.0,37.0
80.0,0.0,9.0,18.0,12.0,13.0,30.0
97.0,8.35,7.2,20.0,12.0,13.0,34.0
87.0,9.33,7.4,17.0,9.0,8.0,30.0
91.0,9.12,10.0,20.0,10.0,10.0,40.0
82.0,9.14,6.4,18.0,11.0,9.0,39.0
86.0,8.6,7.0,15.0,9.0,7.0,30.0
98.0,9.45,8.4,20.0,11.0,10.0,35.0
84.0,8.42,9.4,17.0,9.0,6.0,28.0
92.0,8.46,5.6,20.0,11.0,10.0,32.0
90.0,9.34,8.7,18.0,9.0,10.0,25.0
93.0,9.32,9.6,19.0,12.0,15.0,42.0
95.0,9.21,7.1,20.0,15.0,15.0,45.0
93.0,9.91,6.4,20.0,13.0,12.0,39.0
92.0,9.36,8.4,20.0,13.0,15.0,32.0
75.0,7.87,6.2,16.0,4.0,5.0,30.0
76.0,7.34,6.9,15.0,8.0,8.0,9.0
65.0,7.26,9.5,15.0,5.0,6.0,8.0
89.0,8.84,8.0,19.0,13.0,15.0,45.0
88.0,8.04,5.5,20.0,9.0,8.0,39.0
76.0,7.33,6.6,16.0,7.0,6.0,18.0
84.0,0.0,8.1,19.0,12.0,11.0,29.0
64.0,7.07,7.4,15.0,5.0,4.0,14.0
100.0,8.85,8.3,16.0,12.0,14.0,33.0
63.0,6.75,8.8,11.0,3.0,1.0,8.0
81.0,0.0,7.4,15.0,8.0,7.0,36.0
95.0,9.64,9.9,16.0,12.0,13.0,40.0
62.0,6.97,9.6,12.0,4.0,4.0,19.0
95.0,9.75,5.3,16.0,13.0,12.0,46.0
76.0,6.41,6.3,13.0,6.0,9.0,17.0
84.0,0.0,6.5,17.0,6.0,5.0,33.0
85.0,9.2,5.9,20.0,12.0,12.0,36.0
94.0,9.64,6.6,16.0,10.0,6.0,33.0
90.0,8.25,7.1,16.0,11.0,10.0,21.0
70.0,7.51,5.3,13.0,5.0,2.0,20.0
100.0,9.37,5.6,20.0,15.0,13.0,44.0
88.0,8.56,5.5,15.0,8.0,4.0,40.0
85.0,9.76,5.2,16.0,14.0,12.0,30.0
82.0,8.17,7.4,15.0,12.0,12.0,29.0
89.0,9.21,6.7,18.0,11.0,11.0,40.0
67.0,6.5,9.7,14.0,1.0,0.0,6.0
85.0,8.42,5.5,17.0,12.0,11.0,42.0
90.0,9.83,9.6,17.0,7.0,6.0,44.0
87.0,8.19,5.4,16.0,10.0,10.0,30.0
81.0,8.3,8.1,16.0,6.0,6.0,29.0
90.0,8.86,6.2,16.0,10.0,11.0,32.0
74.0,0.0,9.1,18.0,4.0,4.0,13.0
75.0,8.71,5.3,12.0,7.0,6.0,25.0
98.0,9.41,9.8,18.0,14.0,15.0,40.0
88.0,9.44,5.2,19.0,13.0,14.0,34.0
70.0,8.03,6.2,13.0,4.0,4.0,21.0
71.0,8.51,7.3,16.0,5.0,7.0,18.0
88.0,9.26,8.8,20.0,12.0,12.0,37.0
100.0,9.11,9.8,20.0,12.0,12.0,36.0
82.0,9.42,7.1,14.0,6.0,6.0,38.0
94.0,8.61,8.8,16.0,11.0,11.0,34.0
89.0,8.69,8.6,17.0,11.0,9.0,36.0
100.0,9.48,7.9,20.0,8.0,4.0,42.0
92.0,8.23,8.5,20.0,8.0,9.0,29.0
100.0,10.0,5.2,18.0,14.0,15.0,49.0
95.0,9.02,7.2,18.0,12.0,10.0,43.0
79.0,7.11,8.9,15.0,3.0,5.0,14.0
92.0,9.46,7.4,18.0,9.0,6.0,43.0
100.0,0.0,9.4,20.0,9.0,8.0,37.0
80.0,8.82,9.2,16.0,8.0,11.0,40.0
86.0,8.53,9.3,18.0,7.0,8.0,21.0
67.0,6.61,5.6,15.0,4.0,3.0,10.0
79.0,8.12,6.2,19.0,10.0,11.0,33.0
86.0,8.3,5.1,17.0,13.0,15.0,33.0
80.0,9.03,9.9,19.0,10.0,7.0,26.0
81.0,8.37,6.2,20.0,12.0,15.0,26.0
82.0,9.37,6.8,16.0,10.0,9.0,36.0
77.0,6.46,6.4,14.0,3.0,4.0,19.0
97.0,9.53,5.2,20.0,15.0,14.0,41.0
100.0,8.87,6.3,20.0,12.0,15.0,38.0
100.0,9.42,5.5,20.0,15.0,15.0,48.0
85.0,8.91,7.0,18.0,7.0,4.0,33.0
89.0,9.59,9.8,16.0,11.0,12.0,31.0
84.0,8.42,8.5,19.0,9.0,12.0,29.0
86.0,8.59,8.5,14.0,7.0,9.0,28.0
80.0,7.82,7.3,18.0,7.0,7.0,26.0
75.0,7.81,9.1,14.0,8.0,10.0,18.0
79.0,7.93,9.5,12.0,10.0,9.0,26.0
76.0,8.58,9.8,11.0,6.0,7.0,21.0
100.0,9.21,5.5,19.0,15.0,15.0,48.0
100.0,0.0,9.4,20.0,10.0,4.0,28.0
65.0,5.87,6.1,10.0,5.0,3.0,10.0
83.0,8.64,7.0,14.0,11.0,11.0,28.0
84.0,8.45,6.7,16.0,14.0,14.0,36.0
79.0,8.31,8.4,17.0,7.0,7.0,28.0
92.0,8.47,8.0,20.0,12.0,12.0,43.0
83.0,0.0,5.5,17.0,7.0,9.0,17.0
85.0,9.0,8.9,19.0,7.0,8.0,37.0
89.0,8.9,7.2,19.0,9.0,4.0,35.0
77.0,7.67,5.0,15.0,10.0,14.0,22.0
89.0,8.32,7.1,20.0,12.0,8.0,35.0
91.0,7.9,7.6,16.0,7.0,9.0,23.0
86.0,9.62,5.3,18.0,11.0,8.0,42.0
74.0,7.01,5.8,12.0,5.0,8.0,19.0
100.0,9.45,10.0,20.0,9.0,8.0,32.0
75.0,6.82,9.4,17.0,2.0,3.0,14.0
86.0,7.25,5.7,18.0,5.0,1.0,35.0
78.0,7.42,7.9,16.0,6.0,7.0,23.0
85.0,8.34,6.9,17.0,8.0,9.0,27.0
80.0,8.47,7.7,17.0,11.0,12.0,33.0
61.0,0.0,7.4,16.0,1.0,3.0,11.0
93.0,9.07,5.2,20.0,10.0,10.0,42.0
77.0,9.33,6.6,14.0,10.0,10.0,44.0
71.0,7.47,5.6,14.0,8.0,6.0,37.0
71.0,6.94,7.4,12.0,9.0,8.0,30.0
93.0,8.67,9.5,16.0,10.0,12.0,30.0
88.0,10.0,10.0,13.0,9.0,7.0,31.0
78.0,9.13,9.7,15.0,8.0,4.0,30.0
85.0,8.3,9.9,14.0,5.0,3.0,19.0
60.0,6.77,5.1,12.0,6.0,7.0,27.0
84.0,9.62,8.6,16.0,11.0,10.0,41.0
85.0,8.84,6.4,15.0,13.0,14.0,33.0
82.0,8.92,9.3,12.0,10.0,6.0,32.0
69.0,7.83,9.1,13.0,5.0,0.0,24.0
83.0,8.11,7.1,13.0,7.0,8.0,25.0
100.0,9.44,7.4,20.0,11.0,13.0,46.0
98.0,8.83,6.3,20.0,9.0,6.0,48.0
82.0,7.42,6.4,16.0,7.0,8.0,23.0
91.0,0.0,9.9,20.0,8.0,10.0,24.0
72.0,8.2,9.4,14.0,8.0,8.0,25.0
90.0,0.0,6.0,19.0,12.0,14.0,30.0
78.0,7.93,6.4,17.0,9.0,9.0,20.0
70.0,6.82,5.5,13.0,4.0,3.0,21.0
100.0,9.58,9.9,19.0,8.0,10.0,31.0
76.0,7.96,9.5,15.0,7.0,11.0,36.0
86.0,8.97,7.8,15.0,13.0,12.0,37.0
80.0,8.25,8.5,20.0,8.0,8.0,24.0
97.0,0.0,8.7,20.0,11.0,9.0,34.0
89.0,8.47,6.0,17.0,15.0,15.0,45.0
80.0,9.21,9.7,20.0,11.0,11.0,25.0
94.0,9.47,7.6,17.0,13.0,15.0,29.0
85.0,7.95,5.5,20.0,11.0,14.0,34.0
96.0,9.8,7.0,20.0,13.0,15.0,43.0
85.0,8.94,8.0,19.0,11.0,13.0,41.0
80.0,7.84,6.8,16.0,5.0,4.0,28.0
90.0,8.85,8.5,18.0,7.0,5.0,30.0
94.0,0.0,9.4,18.0,8.0,9.0,22.0
84.0,8.57,8.9,19.0,9.0,9.0,33.0
96.0,10.0,8.2,20.0,12.0,15.0,40.0
95.0,10.0,7.6,18.0,12.0,8.0,39.0
98.0,9.42,6.3,19.0,9.0,10.0,43.0
87.0,9.2,7.3,17.0,12.0,13.0,34.0
71.0,8.01,6.5,14.0,10.0,8.0,37.0
78.0,7.4,9.7,18.0,5.0,3.0,12.0
88.0,7.99,9.5,19.0,9.0,8.0,26.0
85.0,8.98,5.8,19.0,9.0,6.0,28.0
86.0,0.0,9.1,18.0,9.0,12.0,23.0
82.0,9.34,8.5,15.0,9.0,14.0,34.0
90.0,8.68,9.9,19.0,8.0,7.0,26.0
90.0,0.0,7.3,14.0,5.0,4.0,31.0
85.0,7.92,8.6,17.0,6.0,3.0,27.0
73.0,7.95,7.6,13.0,7.0,5.0,25.0
89.0,9.82,5.3,16.0,13.0,12.0,45.0
88.0,8.43,5.2,17.0,10.0,12.0,39.0
91.0,8.55,5.6,18.0,10.0,15.0,30.0
82.0,7.69,6.5,16.0,5.0,4.0,28.0
81.0,8.72,6.3,18.0,10.0,8.0,33.0
84.0,8.38,8.6,16.0,6.0,4.0,13.0
85.0,8.9,8.6,17.0,12.0,13.0,33.0
96.0,8.93,9.9,16.0,8.0,9.0,24.0
70.0,8.1,6.6,11.0,4.0,4.0,19.0
74.0,7.72,9.7,15.0,1.0,0.0,20.0
100.0,9.93,8.1,20.0,12.0,15.0,48.0
87.0,8.79,7.5,17.0,9.0,11.0,30.0
88.0,7.63,8.3,19.0,10.0,11.0,40.0
91.0,9.04,8.5,15.0,10.0,11.0,36.0
81.0,7.22,5.9,17.0,6.0,6.0,37.0
99.0,9.05,8.8,18.0,8.0,7.0,45.0
86.0,9.16,8.6,15.0,8.0,9.0,20.0
82.0,8.73,10.0,15.0,7.0,8.0,26.0
79.0,9.23,9.6,16.0,8.0,9.0,25.0
83.0,8.22,8.4,17.0,5.0,2.0,26.0
94.0,10.0,8.6,20.0,10.0,11.0,47.0
67.0,6.47,9.7,13.0,5.0,4.0,15.0
87.0,9.09,9.8,19.0,9.0,7.0,21.0
96.0,9.3,9.1,20.0,11.0,12.0,32.0
82.0,0.0,8.8,16.0,10.0,10.0,23.0
88.0,9.5,5.6,18.0,11.0,15.0,50.0
73.0,7.22,9.2,13.0,7.0,8.0,24.0
68.0,7.53,6.3,13.0,7.0,6.0,9.0
86.0,8.29,7.8,20.0,10.0,10.0,34.0
76.0,7.78,7.0,18.0,9.0,7.0,21.0
95.0,9.07,6.7,19.0,9.0,11.0,38.0
88.0,8.17,6.6,19.0,9.0,10.0,26.0
100.0,10.0,9.3,20.0,9.0,10.0,32.0
92.0,8.01,8.8,18.0,10.0,8.0,25.0
100.0,8.65,7.6,17.0,10.0,12.0,28.0
92.0,9.91,8.3,20.0,13.0,11.0,38.0
90.0,7.94,9.9,20.0,8.0,7.0,23.0
96.0,9.62,7.0,20.0,13.0,13.0,42.0
100.0,10.0,7.8,19.0,11.0,10.0,37.0
88.0,7.95,7.7,20.0,9.0,7.0,29.0
86.0,0.0,9.7,18.0,8.0,8.0,23.0
77.0,7.55,6.8,13.0,8.0,10.0,30.0
67.0,7.21,9.9,10.0,5.0,7.0,9.0
82.0,8.9,6.5,16.0,14.0,15.0,35.0
96.0,0.0,5.5,20.0,15.0,15.0,32.0
96.0,8.84,6.0,19.0,13.0,12.0,33.0
69.0,7.7,7.1,18.0,5.0,7.0,25.0
92.0,9.36,8.2,19.0,11.0,8.0,36.0
97.0,9.15,7.6,17.0,12.0,13.0,31.0
81.0,8.78,6.9,12.0,12.0,14.0,26.0
63.0,8.04,7.8,13.0,5.0,5.0,21.0
78.0,7.62,9.2,18.0,10.0,9.0,21.0
96.0,8.75,9.2,20.0,8.0,8.0,40.0
88.0,0.0,8.6,17.0,10.0,8.0,31.0
85.0,9.52,9.8,20.0,8.0,9.0,34.0
88.0,8.84,8.0,15.0,13.0,15.0,43.0
91.0,9.19,5.0,18.0,11.0,12.0,38.0
78.0,8.53,6.5,14.0,12.0,13.0,43.0
90.0,9.57,6.6,20.0,10.0,12.0,44.0
65.0,6.95,7.7,10.0,8.0,10.0,20.0
77.0,7.4,9.5,16.0,6.0,4.0,7.0
80.0,8.26,9.2,14.0,7.0,4.0,15.0
95.0,8.2,6.2,20.0,11.0,12.0,39.0
94.0,8.89,7.6,18.0,12.0,14.0,25.0
88.0,8.17,8.3,18.0,9.0,6.0,30.0
80.0,8.28,9.9,12.0,6.0,6.0,29.0
72.0,0.0,5.2,11.0,5.0,7.0,16.0
91.0,8.31,7.3,17.0,9.0,9.0,49.0
82.0,6.77,9.9,18.0,5.0,8.0,24.0
79.0,7.09,9.9,17.0,9.0,12.0,32.0
75.0,7.76,6.7,17.0,7.0,7.0,24.0
79.0,7.75,5.0,13.0,5.0,4.0,15.0
76.0,7.54,7.9,16.0,6.0,5.0,28.0
71.0,7.9,9.3,13.0,3.0,3.0,19.0
74.0,7.29,6.6,13.0,9.0,7.0,23.0
88.0,9.39,9.7,17.0,9.0,6.0,32.0
88.0,8.78,6.7,17.0,7.0,2.0,40.0
81.0,7.81,8.1,18.0,8.0,8.0,34.0
82.0,8.2,8.6,19.0,9.0,13.0,19.0
100.0,9.54,6.7,20.0,9.0,5.0,38.0
78.0,7.76,6.8,17.0,7.0,7.0,33.0
94.0,8.62,7.3,20.0,8.0,8.0,33.0
95.0,9.18,9.2,20.0,13.0,13.0,35.0
95.0,8.45,5.5,19.0,13.0,15.0,46.0
77.0,7.87,8.2,17.0,5.0,3.0,34.0
80.0,7.38,8.4,19.0,7.0,3.0,29.0
91.0,9.32,7.8,16.0,10.0,9.0,45.0
87.0,9.17,9.7,17.0,11.0,10.0,41.0
77.0,8.47,8.0,18.0,11.0,7.0,28.0
72.0,7.21,8.2,14.0,7.0,7.0,17.0
90.0,8.04,8.0,20.0,8.0,6.0,40.0
83.0,0.0,8.6,19.0,8.0,8.0,18.0
93.0,0.0,5.7,16.0,15.0,14.0,45.0
100.0,9.54,9.5,19.0,14.0,12.0,40.0
86.0,7.76,5.2,20.0,8.0,10.0,31.0
86.0,8.48,8.2,17.0,9.0,8.0,25.0
82.0,8.98,8.1,12.0,10.0,10.0,29.0
87.0,9.29,6.0,16.0,14.0,15.0,44.0
82.0,7.83,5.2,18.0,12.0,13.0,41.0
96.0,9.3,5.7,20.0,11.0,11.0,48.0
76.0,7.71,6.4,15.0,6.0,4.0,19.0
79.0,9.13,9.4,17.0,11.0,9.0,37.0
100.0,8.73,9.3,19.0,11.0,11.0,41.0
85.0,8.32,5.3,19.0,6.0,4.0,34.0
85.0,8.21,6.4,20.0,6.0,8.0,28.0
79.0,7.22,9.4,17.0,7.0,7.0,13.0
82.0,8.7,6.2,16.0,14.0,15.0,46.0
88.0,0.0,10.0,18.0,6.0,4.0,21.0
81.0,8.13,6.3,18.0,11.0,9.0,36.0
97.0,9.4,8.7,19.0,12.0,15.0,38.0
90.0,9.03,7.1,20.0,9.0,9.0,38.0
93.0,8.34,5.7,19.0,9.0,11.0,18.0
91.0,8.96,6.3,20.0,8.0,5.0,26.0
95.0,8.58,8.4,20.0,9.0,8.0,30.0
82.0,8.21,6.7,15.0,5.0,8.0,24.0
67.0,0.0,8.0,16.0,6.0,3.0,24.0
83.0,9.01,6.0,18.0,13.0,15.0,42.0
79.0,8.77,7.2,16.0,7.0,7.0,42.0
80.0,7.98,7.6,13.0,8.0,6.0,28.0
86.0,8.38,7.1,18.0,8.0,9.0,29.0
74.0,7.33,6.0,18.0,8.0,10.0,29.0
92.0,8.65,7.3,13.0,7.0,5.0,36.0
100.0,10.0,8.5,15.0,12.0,11.0,34.0
87.0,9.44,9.8,19.0,6.0,6.0,31.0
84.0,0.0,8.9,17.0,7.0,8.0,32.0
82.0,7.36,5.8,18.0,8.0,8.0,36.0
93.0,8.99,6.4,18.0,11.0,12.0,45.0
98.0,9.04,5.4,15.0,9.0,11.0,50.0
100.0,8.82,5.7,18.0,15.0,15.0,50.0
86.0,9.17,6.3,20.0,8.0,7.0,29.0
89.0,9.21,6.0,17.0,8.0,8.0,36.0
86.0,9.43,6.1,16.0,13.0,15.0,40.0
83.0,7.79,6.2,11.0,10.0,11.0,24.0
77.0,7.7,6.5,12.0,5.0,7.0,24.0
84.0,9.36,5.6,19.0,11.0,10.0,31.0
90.0,8.98,6.4,17.0,11.0,12.0,39.0
84.0,8.44,8.4,19.0,6.0,8.0,37.0
84.0,7.03,6.2,15.0,7.0,10.0,35.0
81.0,8.7,5.9,13.0,9.0,11.0,29.0
86.0,9.26,5.3,17.0,15.0,13.0,45.0
78.0,0.0,7.5,14.0,8.0,10.0,20.0
69.0,8.63,9.2,12.0,8.0,11.0,19.0
87.0,9.02,5.3,16.0,10.0,9.0,44.0
88.0,8.84,7.7,17.0,12.0,10.0,17.0
95.0,9.45,8.3,18.0,13.0,13.0,35.0
100.0,10.0,8.0,18.0,13.0,13.0,41.0
87.0,8.35,9.4,20.0,8.0,7.0,28.0
86.0,9.17,9.3,18.0,5.0,3.0,12.0
76.0,8.73,5.3,16.0,12.0,15.0,37.0
88.0,9.12,6.8,17.0,11.0,9.0,32.0
83.0,8.45,8.4,18.0,8.0,7.0,30.0
87.0,9.55,9.8,18.0,10.0,10.0,28.0
87.0,9.18,9.0,15.0,10.0,7.0,30.0
79.0,0.0,5.9,13.0,9.0,6.0,28.0
81.0,8.25,6.4,12.0,10.0,9.0,33.0
90.0,8.76,8.8,20.0,5.0,7.0,35.0
79.0,7.54,7.4,15.0,8.0,8.0,24.0
84.0,8.67,7.7,18.0,12.0,8.0,30.0
72.0,0.0,8.0,15.0,2.0,5.0,15.0
100.0,9.65,5.5,20.0,13.0,15.0,37.0
82.0,7.88,9.3,16.0,9.0,9.0,20.0
98.0,10.0,9.3,17.0,12.0,12.0,36.0
73.0,8.04,7.3,13.0,6.0,7.0,37.0
82.0,9.0,8.1,16.0,7.0,12.0,34.0
87.0,0.0,8.3,14.0,8.0,10.0,32.0
90.0,8.24,5.9,16.0,11.0,12.0,39.0
100.0,10.0,5.6,18.0,10.0,8.0,47.0
83.0,8.91,5.1,16.0,7.0,7.0,36.0
82.0,7.42,9.6,15.0,6.0,8.0,25.0
91.0,9.0,6.7,18.0,7.0,7.0,33.0
95.0,9.91,5.4,20.0,12.0,11.0,33.0
78.0,7.94,7.3,15.0,13.0,14.0,33.0
75.0,8.26,5.4,12.0,6.0,4.0,27.0
86.0,8.69,5.4,13.0,10.0,12.0,30.0
86.0,9.38,7.4,18.0,12.0,11.0,37.0
85.0,8.68,7.5,16.0,10.0,6.0,41.0
81.0,0.0,7.9,16.0,6.0,5.0,27.0
84.0,8.21,8.3,17.0,8.0,8.0,29.0
88.0,8.8,8.3,20.0,9.0,10.0,44.0
78.0,8.34,7.2,12.0,9.0,10.0,30.0
89.0,9.32,8.2,16.0,10.0,7.0,29.0
68.0,7.18,6.5,13.0,2.0,2.0,23.0
79.0,8.14,7.2,14.0,7.0,6.0,24.0
90.0,9.4,7.0,15.0,12.0,11.0,40.0
81.0,7.05,6.6,19.0,11.0,9.0,22.0
54.0,6.34,6.2,9.0,3.0,3.0,9.0
66.0,7.08,5.4,11.0,4.0,10.0,23.0
75.0,8.01,7.5,13.0,5.0,9.0,17.0
82.0,8.43,7.7,19.0,9.0,7.0,33.0
68.0,6.7,6.7,12.0,6.0,6.0,22.0
76.0,7.71,9.9,12.0,7.0,6.0,17.0
91.0,0.0,7.8,17.0,11.0,11.0,36.0
100.0,8.5,9.4,20.0,9.0,11.0,26.0
82.0,9.19,7.9,18.0,8.0,8.0,20.0
76.0,6.95,5.9,17.0,6.0,5.0,16.0
79.0,9.35,9.9,14.0,5.0,7.0,33.0
90.0,9.85,9.4,17.0,10.0,8.0,37.0
89.0,8.86,7.4,20.0,11.0,11.0,49.0
80.0,7.99,6.2,18.0,7.0,4.0,33.0
94.0,9.02,6.1,18.0,15.0,13.0,40.0
85.0,7.53,9.0,12.0,8.0,9.0,25.0
83.0,8.94,5.3,16.0,9.0,8.0,25.0
91.0,9.08,8.2,16.0,10.0,6.0,40.0
89.0,9.65,8.2,16.0,12.0,11.0,37.0
88.0,8.53,5.9,16.0,7.0,5.0,27.0
85.0,7.55,8.5,17.0,5.0,2.0,22.0
92.0,9.13,8.5,19.0,8.0,9.0,38.0
96.0,0.0,6.8,18.0,13.0,10.0,31.0
94.0,8.77,7.4,16.0,9.0,8.0,42.0
71.0,7.58,9.2,14.0,6.0,6.0,11.0
92.0,0.0,7.6,17.0,12.0,11.0,27.0
89.0,9.55,8.1,14.0,12.0,11.0,40.0
92.0,8.31,7.1,20.0,12.0,11.0,43.0
100.0,9.2,5.7,19.0,15.0,13.0,36.0
89.0,9.39,10.0,17.0,8.0,7.0,24.0
84.0,9.2,7.7,16.0,13.0,14.0,45.0
76.0,7.76,6.7,15.0,4.0,3.0,23.0
100.0,8.96,8.6,20.0,12.0,12.0,45.0
82.0,8.53,8.1,14.0,9.0,11.0,25.0
78.0,8.63,6.2,16.0,7.0,8.0,39.0
85.0,0.0,9.4,16.0,6.0,3.0,32.0
93.0,9.06,5.4,20.0,12.0,13.0,46.0
86.0,8.97,8.0,19.0,8.0,10.0,18.0
84.0,8.4,7.4,19.0,10.0,9.0,34.0
88.0,8.81,6.6,16.0,11.0,8.0,42.0
89.0,0.0,9.1,20.0,6.0,5.0,18.0
89.0,9.77,8.3,18.0,10.0,10.0,35.0
100.0,9.77,8.8,20.0,11.0,12.0,40.0
79.0,8.41,7.1,17.0,10.0,9.0,25.0
97.0,8.32,9.7,20.0,11.0,7.0,39.0
88.0,9.42,6.7,15.0,13.0,10.0,42.0
83.0,8.8,7.7,19.0,11.0,12.0,35.0
97.0,10.0,9.7,20.0,12.0,15.0,40.0
95.0,8.89,5.4,16.0,13.0,13.0,39.0
75.0,7.0,5.5,14.0,7.0,10.0,27.0
100.0,10.0,10.0,18.0,12.0,10.0,31.0
91.0,7.51,9.9,15.0,6.0,5.0,25.0
82.0,8.26,8.9,18.0,5.0,0.0,28.0
77.0,9.11,7.4,12.0,7.0,8.0,37.0
74.0,8.33,7.5,12.0,11.0,9.0,32.0
80.0,8.26,6.3,20.0,9.0,10.0,27.0
93.0,9.35,7.2,18.0,11.0,10.0,40.0
99.0,9.87,7.2,20.0,12.0,15.0,37.0
90.0,9.42,5.2,20.0,14.0,15.0,50.0
74.0,7.52,7.3,16.0,7.0,2.0,29.0
92.0,0.0,7.4,19.0,9.0,10.0,42.0
98.0,9.08,8.3,20.0,11.0,10.0,33.0
77.0,8.71,7.6,16.0,6.0,7.0,21.0
69.0,8.15,9.3,13.0,8.0,5.0,24.0
100.0,9.73,6.8,20.0,13.0,15.0,46.0
100.0,9.1,7.0,19.0,13.0,15.0,37.0
85.0,8.4,7.9,17.0,7.0,4.0,17.0
90.0,9.62,6.0,20.0,10.0,10.0,33.0
88.0,9.12,7.0,17.0,9.0,9.0,33.0
79.0,8.29,8.4,16.0,11.0,12.0,32.0
79.0,8.35,7.1,17.0,6.0,6.0,32.0
84.0,7.88,9.5,18.0,10.0,12.0,28.0
89.0,0.0,8.1,18.0,5.0,5.0,35.0
73.0,7.71,5.8,12.0,9.0,10.0,21.0
93.0,8.85,7.4,19.0,9.0,6.0,33.0
79.0,0.0,8.8,16.0,8.0,8.0,33.0
80.0,7.44,8.2,18.0,5.0,7.0,3.0
92.0,9.21,9.4,20.0,7.0,10.0,39.0
81.0,8.16,8.7,19.0,12.0,12.0,35.0
78.0,6.39,5.3,14.0,9.0,9.0,24.0
100.0,8.87,5.6,18.0,13.0,15.0,45.0
97.0,8.55,8.2,20.0,10.0,10.0,40.0
63.0,5.72,6.2,15.0,6.0,8.0,8.0
78.0,0.0,7.9,15.0,6.0,6.0,24.0
75.0,7.91,9.0,14.0,3.0,3.0,21.0
98.0,8.68,7.9,16.0,7.0,5.0,22.0
90.0,0.0,7.1,19.0,9.0,7.0,37.0
85.0,8.25,8.2,17.0,8.0,10.0,35.0
79.0,8.21,5.7,15.0,8.0,11.0,35.0
92.0,9.28,8.6,20.0,10.0,10.0,36.0
97.0,8.55,8.5,19.0,8.0,8.0,29.0
75.0,7.69,7.6,15.0,4.0,6.0,27.0
100.0,8.75,6.4,20.0,13.0,14.0,40.0
94.0,9.16,9.0,20.0,10.0,5.0,39.0
73.0,6.62,7.6,14.0,3.0,5.0,15.0
100.0,0.0,5.3,18.0,15.0,12.0,48.0
86.0,8.63,9.6,15.0,8.0,8.0,26.0
63.0,6.4,8.8,14.0,4.0,3.0,18.0
82.0,8.32,7.9,14.0,10.0,9.0,28.0
89.0,0.0,7.2,17.0,7.0,7.0,32.0
83.0,0.0,9.8,16.0,9.0,11.0,30.0
100.0,9.93,8.9,20.0,12.0,12.0,39.0
82.0,7.7,7.7,19.0,8.0,11.0,21.0
91.0,9.45,8.3,15.0,9.0,12.0,39.0
86.0,9.98,6.4,20.0,12.0,15.0,49.0
79.0,9.4,6.0,13.0,12.0,12.0,41.0
98.0,9.11,6.4,20.0,8.0,7.0,36.0
67.0,7.36,6.5,12.0,3.0,3.0,21.0
91.0,8.84,8.7,17.0,14.0,15.0,28.0
90.0,8.98,5.7,16.0,12.0,14.0,37.0
82.0,8.45,8.9,20.0,11.0,6.0,35.0
90.0,8.05,7.6,18.0,12.0,13.0,33.0
68.0,6.57,6.9,14.0,6.0,1.0,11.0
82.0,9.37,6.5,14.0,8.0,8.0,29.0
89.0,9.77,7.6,15.0,13.0,12.0,42.0
64.0,7.94,6.6,12.0,8.0,6.0,22.0
97.0,0.0,7.1,20.0,13.0,15.0,44.0
91.0,9.78,8.7,18.0,11.0,10.0,30.0
86.0,6.74,8.1,19.0,7.0,7.0,24.0
100.0,0.0,8.7,20.0,11.0,9.0,35.0
87.0,8.68,8.6,17.0,7.0,7.0,25.0
87.0,8.37,9.1,18.0,8.0,10.0,26.0
91.0,8.32,6.0,18.0,9.0,7.0,29.0
78.0,8.63,10.0,17.0,6.0,7.0,25.0
87.0,8.29,7.4,19.0,7.0,7.0,36.0
100.0,9.15,8.6,20.0,10.0,10.0,35.0
83.0,8.37,8.4,18.0,8.0,7.0,31.0
80.0,7.92,7.8,19.0,12.0,14.0,34.0
77.0,9.04,10.0,17.0,6.0,7.0,22.0
76.0,7.77,6.1,19.0,9.0,9.0,29.0
89.0,0.0,7.1,17.0,10.0,10.0,39.0
100.0,0.0,5.6,20.0,12.0,13.0,36.0
93.0,8.69,5.9,16.0,13.0,14.0,44.0
87.0,8.8,8.6,19.0,4.0,3.0,33.0
85.0,8.9,5.0,17.0,8.0,10.0,42.0
92.0,9.21,9.4,20.0,9.0,11.0,41.0
83.0,9.16,8.2,20.0,7.0,11.0,36.0
84.0,8.36,7.2,18.0,11.0,8.0,36.0
95.0,10.0,6.7,18.0,12.0,13.0,39.0
93.0,0.0,5.6,16.0,10.0,12.0,36.0
92.0,8.88,9.6,19.0,9.0,11.0,20.0
86.0,10.0,8.6,17.0,10.0,9.0,28.0
92.0,0.0,6.7,20.0,11.0,8.0,39.0
89.0,9.08,5.4,17.0,12.0,15.0,37.0
92.0,8.85,6.6,17.0,12.0,11.0,39.0
78.0,8.66,5.9,15.0,11.0,10.0,33.0
86.0,8.68,8.9,18.0,12.0,15.0,18.0
94.0,8.09,8.6,19.0,12.0,9.0,27.0
79.0,6.04,7.5,14.0,2.0,4.0,26.0
86.0,0.0,9.4,20.0,6.0,4.0,29.0
71.0,0.0,5.9,14.0,7.0,5.0,21.0
84.0,8.52,7.3,12.0,13.0,13.0,29.0
83.0,8.79,8.6,18.0,10.0,11.0,31.0
76.0,0.0,5.3,15.0,7.0,9.0,34.0
77.0,7.66,6.9,15.0,6.0,8.0,17.0
89.0,9.73,7.9,17.0,12.0,11.0,46.0
68.0,7.49,6.8,13.0,7.0,5.0,27.0
84.0,8.16,7.4,20.0,7.0,6.0,33.0
92.0,9.31,8.0,19.0,10.0,11.0,41.0
91.0,9.81,6.8,19.0,12.0,12.0,41.0
86.0,8.87,5.5,17.0,10.0,3.0,44.0
99.0,8.23,5.7,20.0,15.0,11.0,48.0
68.0,0.0,7.6,15.0,5.0,5.0,18.0
91.0,9.62,5.9,20.0,12.0,14.0,43.0
77.0,6.9,9.4,16.0,6.0,4.0,13.0
89.0,8.67,9.2,20.0,8.0,9.0,28.0
87.0,0.0,6.7,18.0,14.0,11.0,48.0
72.0,8.09,9.2,14.0,5.0,6.0,22.0
93.0,9.69,7.7,19.0,12.0,13.0,39.0
90.0,9.74,5.8,20.0,15.0,15.0,44.0
65.0,8.76,8.1,13.0,5.0,3.0,19.0
91.0,8.05,8.4,20.0,9.0,6.0,41.0
87.0,8.62,5.4,20.0,10.0,11.0,27.0
100.0,0.0,6.6,20.0,14.0,11.0,45.0
85.0,8.79,5.0,20.0,11.0,9.0,28.0
72.0,6.46,6.6,10.0,4.0,7.0,27.0
88.0,8.44,6.7,14.0,11.0,11.0,37.0
100.0,9.48,8.2,20.0,15.0,15.0,38.0
100.0,9.86,6.0,19.0,15.0,15.0,36.0
74.0,7.36,5.2,15.0,9.0,10.0,34.0
75.0,7.73,6.6,19.0,8.0,8.0,21.0
66.0,7.06,9.1,14.0,9.0,7.0,19.0
86.0,0.0,7.0,20.0,13.0,15.0,41.0
94.0,10.0,7.1,18.0,12.0,11.0,49.0
67.0,8.11,7.3,15.0,8.0,9.0,22.0
97.0,9.33,8.8,20.0,10.0,11.0,32.0
92.0,9.94,7.4,20.0,11.0,10.0,32.0
84.0,9.59,5.5,16.0,14.0,13.0,39.0
74.0,7.39,6.0,13.0,10.0,13.0,18.0
77.0,7.81,5.9,14.0,7.0,6.0,34.0
89.0,9.2,7.5,17.0,7.0,8.0,32.0
96.0,9.0,5.1,18.0,13.0,15.0,42.0
85.0,8.01,6.4,16.0,11.0,11.0,36.0
100.0,9.7,8.0,20.0,10.0,10.0,47.0
91.0,9.1,6.8,20.0,11.0,13.0,33.0
91.0,0.0,8.5,19.0,14.0,14.0,39.0
93.0,10.0,7.0,17.0,11.0,7.0,37.0
99.0,9.17,9.9,19.0,10.0,13.0,36.0
90.0,9.21,9.8,14.0,12.0,10.0,32.0
76.0,7.88,9.0,16.0,6.0,6.0,16.0
100.0,9.12,9.8,19.0,10.0,7.0,38.0
68.0,7.33,6.0,17.0,8.0,7.0,28.0
77.0,8.27,8.8,13.0,10.0,9.0,26.0
72.0,7.76,6.6,13.0,7.0,7.0,24.0
80.0,8.42,8.6,16.0,10.0,8.0,21.0
78.0,7.81,6.9,17.0,9.0,13.0,21.0
93.0,0.0,6.4,20.0,11.0,11.0,32.0
99.0,9.44,9.8,17.0,11.0,13.0,27.0
86.0,0.0,6.0,17.0,10.0,10.0,33.0
78.0,7.73,8.8,13.0,5.0,7.0,24.0
91.0,10.0,8.4,20.0,12.0,8.0,37.0
95.0,0.0,6.5,18.0,12.0,11.0,44.0
74.0,0.0,7.3,15.0,5.0,4.0,21.0
93.0,9.22,5.7,18.0,12.0,11.0,38.0
100.0,10.0,9.6,20.0,13.0,14.0,38.0
72.0,8.2,9.8,14.0,7.0,8.0,21.0
87.0,8.33,8.7,15.0,9.0,9.0,26.0
95.0,8.58,9.2,19.0,7.0,7.0,29.0
82.0,7.88,5.4,15.0,9.0,14.0,30.0
95.0,8.97,6.9,20.0,11.0,12.0,27.0
89.0,9.16,6.7,18.0,11.0,7.0,40.0
99.0,9.9,7.8,18.0,12.0,14.0,36.0
84.0,8.94,5.9,20.0,13.0,14.0,47.0
92.0,9.85,7.8,20.0,12.0,14.0,42.0
84.0,8.95,8.3,20.0,13.0,14.0,18.0
93.0,9.15,5.7,18.0,12.0,10.0,40.0
87.0,9.14,5.7,16.0,5.0,7.0,36.0
86.0,9.26,5.2,19.0,10.0,10.0,43.0
82.0,7.39,8.8,19.0,9.0,11.0,23.0
100.0,8.77,6.7,20.0,12.0,15.0,38.0
99.0,10.0,6.1,16.0,10.0,10.0,30.0
80.0,7.85,8.9,14.0,5.0,7.0,19.0
69.0,7.4,5.7,15.0,7.0,9.0,19.0
80.0,7.74,7.1,15.0,7.0,7.0,22.0
74.0,7.78,8.7,12.0,7.0,11.0,20.0
83.0,8.14,7.9,16.0,5.0,7.0,16.0
95.0,10.0,7.8,13.0,13.0,12.0,42.0
73.0,8.49,5.8,13.0,6.0,7.0,27.0
89.0,8.51,5.9,17.0,12.0,14.0,50.0
83.0,8.18,7.9,17.0,8.0,12.0,21.0
83.0,8.21,5.1,18.0,8.0,9.0,45.0
79.0,0.0,9.3,17.0,6.0,7.0,31.0
75.0,7.71,6.8,17.0,10.0,13.0,20.0
81.0,7.66,7.1,16.0,8.0,8.0,25.0
86.0,8.75,6.3,14.0,10.0,8.0,37.0
91.0,8.22,9.4,18.0,10.0,11.0,20.0
87.0,9.69,8.2,16.0,12.0,11.0,31.0
86.0,7.65,7.2,14.0,6.0,11.0,17.0
83.0,9.13,7.9,18.0,10.0,11.0,45.0
100.0,9.66,6.9,17.0,9.0,10.0,41.0
97.0,8.1,7.3,20.0,12.0,11.0,32.0
78.0,7.35,6.8,13.0,10.0,13.0,32.0
85.0,9.42,7.1,16.0,10.0,10.0,45.0
79.0,8.04,6.6,15.0,8.0,8.0,33.0
94.0,10.0,5.4,20.0,15.0,15.0,42.0
80.0,9.11,5.2,17.0,11.0,8.0,35.0
89.0,8.76,5.9,16.0,12.0,11.0,30.0
76.0,8.13,6.3,15.0,8.0,9.0,27.0
92.0,9.73,9.5,20.0,9.0,6.0,31.0
78.0,7.16,8.1,19.0,8.0,10.0,19.0
91.0,9.35,9.8,15.0,12.0,11.0,39.0
87.0,7.77,6.7,20.0,8.0,8.0,28.0
88.0,9.26,7.0,20.0,14.0,10.0,32.0
91.0,8.45,8.6,19.0,6.0,6.0,37.0
82.0,7.48,7.9,16.0,9.0,7.0,28.0
67.0,6.42,7.6,12.0,3.0,2.0,12.0
78.0,8.54,7.9,13.0,5.0,2.0,30.0
85.0,7.61,7.9,18.0,10.0,8.0,27.0
99.0,0.0,8.8,19.0,11.0,11.0,47.0
90.0,9.73,8.3,19.0,9.0,8.0,36.0
84.0,8.38,9.8,18.0,8.0,10.0,29.0
94.0,9.15,9.7,20.0,6.0,2.0,29.0
86.0,9.29,7.1,20.0,14.0,14.0,33.0
82.0,0.0,5.2,17.0,13.0,13.0,39.0
83.0,7.76,5.1,12.0,11.0,10.0,38.0
86.0,8.03,5.6,18.0,11.0,9.0,31.0
91.0,9.19,5.4,20.0,11.0,13.0,32.0
69.0,7.47,6.9,13.0,3.0,7.0,26.0
93.0,9.19,5.3,20.0,15.0,12.0,48.0
87.0,8.93,8.1,18.0,12.0,10.0,28.0
87.0,8.93,6.0,18.0,11.0,9.0,28.0
82.0,8.18,7.6,14.0,9.0,8.0,38.0
86.0,8.32,5.5,20.0,11.0,14.0,31.0
88.0,7.96,9.1,16.0,7.0,8.0,24.0
77.0,7.66,8.9,14.0,12.0,12.0,21.0
76.0,8.62,6.9,11.0,6.0,6.0,22.0
95.0,9.41,9.6,20.0,10.0,9.0,28.0
100.0,9.66,5.9,20.0,14.0,15.0,39.0
88.0,9.73,9.1,18.0,9.0,11.0,24.0
96.0,9.19,7.7,20.0,11.0,12.0,30.0
84.0,8.55,6.6,18.0,12.0,8.0,24.0
79.0,8.65,5.4,15.0,12.0,12.0,29.0
73.0,6.77,5.9,13.0,9.0,9.0,28.0
83.0,0.0,9.3,13.0,4.0,6.0,26.0
86.0,8.82,8.0,17.0,10.0,10.0,31.0
81.0,8.96,6.2,14.0,10.0,11.0,36.0
77.0,0.0,7.5,16.0,6.0,5.0,31.0
94.0,9.84,5.5,18.0,15.0,15.0,50.0
98.0,10.0,5.5,19.0,14.0,15.0,40.0
89.0,7.9,9.5,20.0,9.0,6.0,26.0
96.0,10.0,7.3,17.0,13.0,10.0,39.0
95.0,9.02,6.8,15.0,12.0,14.0,38.0
76.0,8.2,9.7,15.0,4.0,4.0,36.0
79.0,7.74,7.0,14.0,13.0,15.0,23.0
85.0,9.33,6.7,17.0,11.0,11.0,40.0
87.0,9.86,6.4,16.0,14.0,15.0,45.0
75.0,7.92,7.8,16.0,3.0,2.0,34.0
81.0,8.59,7.8,14.0,9.0,10.0,33.0
100.0,0.0,5.1,18.0,11.0,12.0,38.0
74.0,9.3,8.3,16.0,7.0,6.0,20.0
94.0,9.14,8.9,19.0,9.0,11.0,34.0
90.0,0.0,8.1,16.0,8.0,4.0,30.0
94.0,0.0,9.3,17.0,12.0,12.0,34.0
77.0,8.3,6.4,15.0,13.0,10.0,32.0
61.0,7.1,6.0,10.0,3.0,1.0,23.0
94.0,10.0,8.5,18.0,11.0,13.0,41.0
81.0,7.67,5.9,16.0,6.0,4.0,29.0
74.0,8.06,5.5,13.0,9.0,7.0,20.0
84.0,0.0,5.5,18.0,12.0,13.0,44.0
81.0,6.35,8.8,14.0,6.0,4.0,18.0
100.0,0.0,5.1,20.0,14.0,15.0,50.0
82.0,0.0,6.4,16.0,9.0,10.0,29.0
96.0,10.0,5.6,18.0,12.0,10.0,47.0
66.0,7.78,8.8,14.0,6.0,8.0,28.0
83.0,8.64,7.5,17.0,9.0,5.0,34.0
95.0,9.53,6.0,20.0,13.0,14.0,48.0
90.0,9.37,8.8,14.0,6.0,4.0,29.0
73.0,7.35,8.8,16.0,7.0,6.0,22.0
88.0,0.0,7.6,17.0,9.0,8.0,33.0
92.0,9.98,6.4,18.0,13.0,15.0,33.0
77.0,8.74,7.9,15.0,9.0,8.0,30.0
85.0,7.75,9.7,20.0,6.0,6.0,28.0
67.0,7.92,5.3,10.0,10.0,9.0,29.0
90.0,0.0,6.3,20.0,8.0,6.0,44.0
91.0,8.44,6.4,20.0,14.0,12.0,31.0
85.0,8.97,8.2,17.0,12.0,13.0,25.0
87.0,8.94,8.3,15.0,8.0,8.0,39.0
82.0,9.03,6.0,13.0,8.0,10.0,33.0
80.0,8.05,6.1,15.0,6.0,6.0,32.0
89.0,8.84,9.6,19.0,11.0,11.0,23.0
81.0,8.14,8.8,16.0,7.0,9.0,32.0
82.0,8.87,9.7,18.0,9.0,8.0,36.0
97.0,9.05,9.1,16.0,8.0,5.0,32.0
88.0,9.49,7.0,18.0,14.0,15.0,46.0
96.0,8.38,5.6,20.0,9.0,8.0,29.0
67.0,7.87,8.1,16.0,6.0,6.0,18.0
70.0,7.73,6.8,11.0,7.0,6.0,27.0
86.0,7.93,7.1,16.0,9.0,7.0,39.0
86.0,8.64,7.1,17.0,8.0,4.0,23.0
85.0,9.72,9.7,16.0,9.0,10.0,33.0
91.0,9.71,5.3,20.0,14.0,7.0,48.0
100.0,9.77,6.0,20.0,13.0,15.0,50.0
92.0,9.17,8.0,16.0,15.0,15.0,46.0
95.0,9.48,9.4,20.0,7.0,5.0,33.0
87.0,8.91,9.6,18.0,11.0,14.0,31.0
81.0,8.13,7.8,17.0,6.0,10.0,30.0
100.0,9.98,5.2,20.0,13.0,12.0,50.0
98.0,8.58,6.8,20.0,9.0,10.0,43.0
84.0,7.68,9.6,13.0,5.0,5.0,23.0
100.0,0.0,7.5,17.0,13.0,15.0,40.0
100.0,8.92,8.6,18.0,10.0,7.0,41.0
90.0,8.96,6.3,17.0,8.0,8.0,47.0
84.0,8.3,5.1,17.0,13.0,15.0,26.0
77.0,0.0,7.9,15.0,9.0,11.0,23.0
93.0,9.75,9.2,15.0,10.0,10.0,24.0
65.0,6.1,10.0,10.0,6.0,9.0,12.0
87.0,7.21,9.2,13.0,9.0,9.0,19.0
97.0,9.15,7.8,16.0,10.0,10.0,40.0
80.0,8.66,8.0,18.0,3.0,4.0,15.0
94.0,9.51,9.1,18.0,11.0,11.0,42.0
96.0,10.0,5.1,17.0,11.0,11.0,41.0
92.0,9.32,9.8,15.0,12.0,10.0,28.0
91.0,9.29,7.7,16.0,9.0,15.0,33.0
94.0,7.6,9.8,20.0,7.0,6.0,24.0
100.0,9.49,8.8,20.0,8.0,9.0,42.0
74.0,7.53,5.8,14.0,5.0,9.0,27.0
89.0,0.0,5.8,17.0,11.0,8.0,37.0
82.0,0.0,6.8,13.0,8.0,9.0,23.0
68.0,7.6,6.3,12.0,6.0,6.0,24.0
67.0,6.79,7.2,15.0,9.0,13.0,13.0
83.0,8.53,8.0,15.0,8.0,6.0,8.0
69.0,7.08,7.2,17.0,6.0,4.0,17.0
99.0,8.94,5.3,20.0,6.0,6.0,41.0
91.0,8.35,9.9,17.0,10.0,9.0,25.0
97.0,9.91,7.1,19.0,15.0,14.0,40.0
90.0,8.77,9.3,20.0,8.0,12.0,34.0
88.0,9.14,5.4,19.0,11.0,11.0,46.0
80.0,7.13,9.1,16.0,8.0,6.0,34.0
100.0,9.39,5.9,20.0,9.0,8.0,30.0
84.0,8.54,8.4,17.0,10.0,11.0,26.0
87.0,0.0,8.3,17.0,11.0,12.0,31.0
86.0,8.68,9.5,15.0,9.0,8.0,35.0
77.0,8.98,6.6,15.0,8.0,5.0,31.0
100.0,9.64,5.5,17.0,12.0,12.0,38.0
78.0,8.51,9.3,17.0,6.0,6.0,23.0
95.0,10.0,6.7,19.0,10.0,9.0,44.0
82.0,7.78,6.2,18.0,6.0,9.0,14.0
85.0,7.27,7.4,14.0,6.0,7.0,26.0
86.0,9.03,5.7,20.0,12.0,12.0,27.0
61.0,5.94,6.5,15.0,6.0,5.0,17.0
93.0,9.27,6.9,15.0,15.0,15.0,42.0
82.0,8.35,6.4,15.0,10.0,8.0,38.0
73.0,7.29,7.3,14.0,5.0,4.0,17.0
72.0,7.77,6.9,12.0,5.0,4.0,17.0
83.0,8.04,8.9,16.0,10.0,11.0,14.0
94.0,8.93,9.6,20.0,10.0,11.0,28.0
98.0,0.0,5.5,19.0,10.0,7.0,43.0
83.0,7.92,9.1,13.0,5.0,4.0,27.0
77.0,8.33,9.7,17.0,5.0,6.0,23.0
92.0,0.0,8.4,17.0,7.0,6.0,34.0
87.0,9.29,10.0,16.0,10.0,9.0,32.0
91.0,8.93,6.7,20.0,8.0,8.0,37.0
94.0,8.9,9.2,20.0,8.0,6.0,36.0
88.0,8.92,8.4,16.0,9.0,10.0,28.0
86.0,9.59,6.6,15.0,10.0,11.0,30.0
95.0,9.17,8.5,20.0,10.0,10.0,47.0
99.0,9.79,7.5,20.0,15.0,15.0,50.0
87.0,8.74,5.9,16.0,9.0,10.0,36.0
75.0,8.24,5.9,12.0,6.0,6.0,35.0
77.0,8.46,8.6,16.0,10.0,9.0,42.0
85.0,7.64,8.6,18.0,6.0,10.0,30.0
84.0,7.44,7.7,16.0,7.0,6.0,24.0
91.0,9.0,7.5,16.0,8.0,7.0,35.0
95.0,9.09,5.9,19.0,12.0,11.0,28.0
90.0,0.0,7.1,19.0,13.0,14.0,36.0
86.0,9.74,9.4,16.0,11.0,15.0,35.0
99.0,9.53,9.3,20.0,10.0,10.0,38.0
84.0,7.53,8.3,18.0,7.0,6.0,23.0
80.0,8.29,10.0,18.0,8.0,8.0,15.0
97.0,8.89,9.5,19.0,12.0,9.0,36.0
92.0,10.0,5.7,16.0,15.0,15.0,46.0
87.0,9.24,7.0,17.0,13.0,15.0,41.0
78.0,7.67,5.7,19.0,10.0,11.0,28.0
79.0,8.65,7.3,12.0,13.0,15.0,36.0
77.0,0.0,8.9,11.0,5.0,7.0,25.0
89.0,8.98,5.8,18.0,11.0,10.0,43.0
86.0,0.0,9.4,16.0,9.0,13.0,26.0
71.0,7.16,7.8,14.0,5.0,1.0,7.0
95.0,8.5,8.7,19.0,11.0,12.0,41.0
64.0,8.87,5.2,15.0,10.0,6.0,25.0
93.0,9.19,5.5,19.0,15.0,12.0,40.0
86.0,8.0,8.1,19.0,6.0,8.0,26.0
85.0,9.29,9.2,12.0,9.0,8.0,29.0
98.0,9.62,9.4,19.0,8.0,10.0,31.0
70.0,7.68,8.4,12.0,6.0,2.0,21.0
76.0,6.66,6.0,11.0,3.0,3.0,20.0
88.0,8.61,6.0,18.0,12.0,10.0,41.0
87.0,8.6,9.4,17.0,6.0,5.0,28.0
75.0,6.97,5.6,14.0,7.0,10.0,21.0
93.0,8.77,8.4,18.0,12.0,15.0,24.0
85.0,7.87,7.7,17.0,9.0,10.0,36.0
98.0,8.79,7.1,20.0,10.0,7.0,39.0
100.0,8.98,7.2,20.0,15.0,13.0,39.0
85.0,9.09,9.7,18.0,10.0,10.0,32.0
94.0,10.0,9.3,20.0,9.0,7.0,29.0
82.0,8.32,9.3,15.0,8.0,9.0,30.0
85.0,7.43,7.0,14.0,11.0,14.0,27.0
90.0,8.48,5.5,20.0,8.0,6.0,35.0
91.0,9.76,10.0,20.0,7.0,5.0,36.0
89.0,7.99,5.7,17.0,11.0,9.0,33.0
76.0,0.0,7.6,18.0,8.0,7.0,27.0
64.0,6.49,6.3,12.0,3.0,3.0,9.0
75.0,8.02,7.6,16.0,5.0,5.0,29.0
66.0,8.01,6.5,14.0,3.0,5.0,18.0
100.0,9.11,9.5,19.0,8.0,9.0,39.0
100.0,9.9,9.8,20.0,14.0,14.0,37.0
94.0,9.39,7.1,20.0,11.0,11.0,44.0
80.0,7.63,5.4,14.0,5.0,5.0,33.0
87.0,9.56,8.3,18.0,13.0,13.0,27.0
89.0,9.59,6.9,20.0,15.0,14.0,37.0
79.0,0.0,9.9,12.0,10.0,8.0,22.0
83.0,8.89,5.4,17.0,9.0,9.0,30.0
89.0,8.07,5.6,14.0,9.0,8.0,37.0
89.0,8.47,8.5,19.0,9.0,10.0,16.0
70.0,7.75,8.8,14.0,10.0,10.0,30.0
83.0,8.37,7.4,16.0,9.0,9.0,37.0
80.0,8.6,6.4,13.0,8.0,10.0,32.0
77.0,8.88,6.5,14.0,12.0,9.0,39.0
91.0,8.13,6.7,19.0,13.0,15.0,36.0
82.0,7.45,6.1,16.0,9.0,5.0,32.0
83.0,8.8,9.3,19.0,9.0,12.0,32.0
97.0,8.43,5.3,20.0,12.0,12.0,39.0
80.0,8.07,7.0,18.0,7.0,6.0,29.0
93.0,9.5,8.7,18.0,9.0,6.0,32.0
94.0,8.9,5.0,19.0,10.0,9.0,43.0
97.0,0.0,9.4,17.0,9.0,9.0,31.0
99.0,9.85,8.5,17.0,10.0,10.0,41.0
93.0,9.29,5.4,20.0,12.0,15.0,34.0
86.0,8.79,9.5,15.0,11.0,11.0,31.0
75.0,7.41,7.4,12.0,7.0,8.0,22.0
90.0,0.0,8.3,18.0,8.0,9.0,41.0
89.0,0.0,9.4,17.0,12.0,11.0,35.0
84.0,9.26,9.4,16.0,9.0,9.0,31.0
92.0,9.53,7.0,20.0,11.0,11.0,30.0
91.0,8.25,6.2,16.0,8.0,9.0,31.0
100.0,9.26,6.3,20.0,15.0,13.0,46.0
85.0,0.0,8.8,17.0,12.0,11.0,32.0
81.0,8.19,9.6,18.0,8.0,9.0,27.0
71.0,8.04,5.4,13.0,9.0,7.0,22.0
95.0,9.13,5.1,19.0,15.0,15.0,44.0
69.0,6.8,9.1,14.0,7.0,6.0,23.0
73.0,8.85,6.9,12.0,7.0,8.0,25.0
97.0,8.75,6.4,16.0,11.0,14.0,34.0
90.0,8.24,5.9,18.0,8.0,7.0,33.0
87.0,9.83,6.7,20.0,12.0,14.0,32.0
88.0,8.41,9.9,17.0,11.0,11.0,36.0
93.0,9.57,9.9,18.0,9.0,8.0,30.0
95.0,8.78,6.7,20.0,12.0,12.0,37.0
95.0,9.11,9.8,19.0,14.0,15.0,39.0
91.0,10.0,6.5,20.0,11.0,11.0,48.0
85.0,9.25,9.3,20.0,10.0,13.0,30.0
87.0,9.84,6.1,16.0,11.0,11.0,34.0
83.0,8.56,9.1,16.0,7.0,4.0,33.0
86.0,9.02,6.8,18.0,11.0,11.0,27.0
90.0,9.05,6.0,20.0,14.0,11.0,42.0
83.0,8.08,9.7,16.0,8.0,7.0,29.0
78.0,7.08,6.1,17.0,7.0,6.0,22.0
84.0,7.35,10.0,17.0,8.0,12.0,20.0
83.0,0.0,5.5,16.0,14.0,15.0,38.0
75.0,9.1,5.1,14.0,13.0,13.0,35.0
89.0,8.47,9.4,17.0,9.0,11.0,25.0
79.0,8.16,7.9,20.0,9.0,8.0,32.0
84.0,8.3,7.1,14.0,10.0,7.0,41.0
82.0,8.82,5.4,14.0,11.0,12.0,44.0
91.0,9.58,7.9,19.0,12.0,13.0,39.0
100.0,9.77,7.0,20.0,12.0,10.0,36.0
84.0,8.89,7.4,18.0,11.0,9.0,26.0
71.0,0.0,8.2,12.0,9.0,11.0,11.0
97.0,9.01,8.2,17.0,11.0,8.0,42.0
87.0,0.0,9.8,17.0,4.0,5.0,28.0
64.0,7.91,8.3,15.0,10.0,9.0,19.0
98.0,9.43,6.7,18.0,11.0,12.0,32.0
98.0,8.53,6.6,20.0,11.0,13.0,28.0
82.0,10.0,7.4,15.0,13.0,11.0,31.0
82.0,0.0,6.3,13.0,14.0,12.0,43.0
53.0,7.11,6.9,8.0,8.0,11.0,19.0
76.0,7.54,9.2,17.0,5.0,5.0,14.0
94.0,0.0,9.3,18.0,12.0,13.0,39.0
86.0,0.0,8.1,20.0,9.0,11.0,27.0
99.0,9.25,7.9,20.0,15.0,13.0,38.0
91.0,8.33,7.1,15.0,12.0,14.0,35.0
97.0,8.11,8.2,20.0,9.0,10.0,32.0
100.0,9.02,9.0,18.0,10.0,13.0,36.0
80.0,7.99,8.7,15.0,3.0,6.0,26.0
77.0,8.61,5.2,18.0,9.0,9.0,25.0
90.0,0.0,8.7,15.0,13.0,15.0,37.0
78.0,8.64,8.6,15.0,9.0,9.0,25.0
68.0,6.69,5.5,11.0,0.0,0.0,15.0
84.0,7.86,5.8,14.0,7.0,5.0,39.0
93.0,8.35,8.9,18.0,10.0,10.0,25.0
92.0,8.73,7.8,17.0,15.0,11.0,40.0
77.0,7.77,9.1,15.0,8.0,8.0,24.0
66.0,6.57,5.9,14.0,8.0,11.0,15.0
100.0,8.76,5.2,18.0,12.0,14.0,45.0
69.0,8.34,5.8,11.0,8.0,8.0,22.0
89.0,9.15,7.3,19.0,10.0,10.0,39.0
100.0,9.13,7.6,18.0,14.0,13.0,38.0
90.0,8.92,9.3,20.0,8.0,6.0,37.0
89.0,8.53,8.6,17.0,13.0,15.0,28.0
92.0,7.88,10.0,18.0,9.0,6.0,21.0
81.0,10.0,5.4,12.0,8.0,5.0,37.0
92.0,9.72,5.7,16.0,11.0,13.0,50.0
95.0,9.27,5.4,14.0,12.0,12.0,47.0
89.0,7.77,7.7,18.0,10.0,10.0,28.0
100.0,8.94,6.3,20.0,12.0,12.0,39.0
91.0,9.9,8.4,19.0,9.0,13.0,44.0
90.0,9.06,5.7,20.0,11.0,11.0,30.0
92.0,8.81,5.5,20.0,4.0,5.0,28.0
87.0,0.0,7.3,17.0,8.0,12.0,35.0
100.0,10.0,6.9,20.0,9.0,9.0,40.0
80.0,0.0,9.1,17.0,7.0,10.0,18.0
84.0,9.3,9.2,15.0,10.0,6.0,42.0
72.0,7.15,5.6,13.0,5.0,3.0,22.0
85.0,0.0,9.1,20.0,9.0,8.0,25.0
88.0,8.37,7.8,14.0,13.0,14.0,41.0
81.0,7.47,7.5,17.0,7.0,11.0,19.0
99.0,9.55,5.5,20.0,15.0,14.0,36.0
87.0,8.1,8.7,15.0,11.0,13.0,26.0
86.0,8.81,5.3,16.0,10.0,14.0,48.0
83.0,8.06,6.4,16.0,13.0,15.0,39.0
82.0,9.12,5.5,17.0,11.0,10.0,34.0
69.0,7.36,7.7,15.0,9.0,11.0,26.0
77.0,7.18,8.2,15.0,6.0,7.0,11.0
97.0,10.0,9.5,20.0,11.0,10.0,41.0
79.0,7.26,8.7,17.0,8.0,9.0,30.0
78.0,8.75,9.8,17.0,7.0,6.0,32.0
90.0,9.04,8.8,20.0,13.0,13.0,35.0
84.0,8.85,6.5,19.0,14.0,11.0,38.0
84.0,9.33,7.7,17.0,6.0,2.0,33.0
99.0,9.87,7.3,20.0,14.0,13.0,42.0
93.0,9.15,7.8,19.0,8.0,9.0,32.0
84.0,8.17,7.9,17.0,2.0,0.0,24.0
80.0,8.47,8.5,14.0,9.0,10.0,31.0
70.0,7.66,5.4,14.0,8.0,8.0,25.0
93.0,8.32,8.7,14.0,11.0,12.0,41.0
83.0,0.0,5.7,19.0,9.0,11.0,30.0
91.0,8.7,5.1,19.0,14.0,15.0,50.0
78.0,6.34,7.6,15.0,4.0,5.0,23.0
84.0,8.31,7.9,16.0,9.0,8.0,29.0
91.0,9.31,5.2,20.0,14.0,14.0,43.0
96.0,9.88,7.6,20.0,15.0,15.0,37.0
79.0,9.18,7.7,17.0,10.0,12.0,32.0
92.0,9.55,5.3,20.0,11.0,11.0,33.0
94.0,9.57,8.6,20.0,11.0,11.0,43.0
80.0,0.0,6.1,14.0,5.0,4.0,24.0
98.0,0.0,9.0,20.0,11.0,9.0,32.0
91.0,9.69,6.6,19.0,9.0,12.0,28.0
81.0,9.53,7.4,15.0,12.0,13.0,36.0
82.0,7.9,9.5,16.0,7.0,4.0,21.0
81.0,9.11,9.0,15.0,4.0,4.0,29.0
85.0,0.0,8.9,17.0,6.0,9.0,34.0
93.0,9.87,5.8,18.0,10.0,9.0,45.0
92.0,8.09,5.2,19.0,11.0,9.0,40.0
80.0,0.0,8.0,17.0,12.0,13.0,36.0
84.0,9.27,7.1,19.0,9.0,10.0,34.0
93.0,0.0,9.5,20.0,9.0,8.0,21.0
86.0,9.04,6.7,16.0,13.0,12.0,36.0
94.0,9.69,7.1,20.0,14.0,15.0,39.0
75.0,8.95,7.6,14.0,10.0,8.0,17.0
80.0,8.92,9.0,15.0,8.0,7.0,25.0
90.0,8.96,6.3,19.0,12.0,12.0,47.0
94.0,8.23,9.7,20.0,7.0,8.0,28.0
84.0,10.0,7.7,18.0,14.0,13.0,35.0
78.0,7.52,9.2,14.0,8.0,9.0,11.0
77.0,8.15,7.6,12.0,8.0,10.0,19.0
64.0,5.59,8.9,9.0,3.0,2.0,10.0
70.0,6.47,5.3,14.0,8.0,14.0,23.0
95.0,8.87,9.0,20.0,10.0,13.0,29.0
87.0,8.3,7.6,15.0,11.0,12.0,41.0
72.0,0.0,7.2,15.0,5.0,5.0,15.0
91.0,8.78,5.6,16.0,15.0,14.0,33.0
79.0,7.77,8.7,14.0,6.0,9.0,25.0
97.0,0.0,5.7,20.0,14.0,14.0,39.0
90.0,9.04,6.0,17.0,10.0,7.0,34.0
93.0,9.01,5.6,20.0,11.0,8.0,42.0
89.0,9.61,5.0,17.0,9.0,9.0,38.0
85.0,8.65,8.3,19.0,10.0,10.0,21.0
91.0,8.74,6.4,20.0,10.0,8.0,40.0
81.0,9.0,5.7,15.0,13.0,10.0,39.0
80.0,8.22,6.6,20.0,10.0,6.0,28.0
83.0,8.83,7.5,17.0,10.0,8.0,37.0
78.0,0.0,7.5,14.0,5.0,4.0,23.0
76.0,7.82,6.8,15.0,9.0,10.0,16.0
93.0,9.09,7.5,18.0,9.0,9.0,39.0
90.0,0.0,7.1,20.0,7.0,9.0,32.0
85.0,0.0,9.1,20.0,10.0,11.0,33.0
84.0,9.51,5.1,19.0,8.0,9.0,33.0
63.0,0.0,9.3,10.0,0.0,2.0,7.0
96.0,8.92,6.2,20.0,15.0,12.0,45.0
93.0,0.0,8.6,16.0,10.0,9.0,39.0
79.0,0.0,7.0,18.0,6.0,11.0,37.0
95.0,9.72,6.5,18.0,9.0,5.0,40.0
82.0,7.74,8.1,17.0,5.0,4.0,29.0
97.0,9.89,8.8,18.0,14.0,15.0,47.0
87.0,7.77,7.2,14.0,6.0,2.0,22.0
81.0,0.0,7.3,18.0,9.0,7.0,47.0
88.0,7.65,5.3,20.0,11.0,15.0,34.0
87.0,0.0,9.6,18.0,8.0,8.0,31.0
89.0,9.49,9.2,14.0,10.0,9.0,35.0
91.0,9.32,7.0,20.0,11.0,11.0,37.0
100.0,10.0,8.8,19.0,15.0,14.0,42.0
88.0,10.0,6.6,19.0,9.0,12.0,35.0
99.0,9.25,8.7,19.0,11.0,9.0,27.0
99.0,9.57,7.6,19.0,15.0,14.0,43.0
76.0,7.23,7.3,16.0,5.0,2.0,20.0
82.0,8.04,5.3,15.0,9.0,8.0,34.0
89.0,0.0,9.8,17.0,12.0,12.0,31.0
81.0,7.88,9.2,17.0,8.0,10.0,23.0
86.0,8.4,9.0,20.0,7.0,5.0,26.0
90.0,0.0,6.5,18.0,12.0,13.0,30.0
86.0,7.97,6.4,19.0,10.0,10.0,32.0
87.0,8.88,7.9,15.0,11.0,7.0,30.0
93.0,9.15,9.2,20.0,12.0,11.0,28.0
99.0,8.41,9.7,18.0,11.0,9.0,36.0
93.0,9.29,6.3,18.0,12.0,15.0,38.0
69.0,6.35,8.0,15.0,4.0,5.0,19.0
91.0,8.06,8.6,17.0,15.0,15.0,29.0
75.0,8.04,6.1,17.0,6.0,0.0,22.0
93.0,8.84,7.0,17.0,11.0,7.0,42.0
85.0,0.0,5.9,19.0,11.0,12.0,27.0
98.0,9.23,8.5,20.0,11.0,13.0,33.0
85.0,9.1,9.3,18.0,13.0,12.0,26.0
80.0,7.19,9.4,17.0,6.0,6.0,24.0
88.0,8.84,8.4,20.0,10.0,10.0,34.0
75.0,7.29,6.7,16.0,10.0,10.0,30.0
85.0,8.13,8.3,17.0,9.0,8.0,34.0
99.0,9.86,9.3,20.0,12.0,14.0,36.0
95.0,9.5,8.1,20.0,11.0,13.0,38.0
90.0,8.95,7.1,20.0,12.0,10.0,38.0
86.0,8.29,9.6,17.0,10.0,8.0,24.0
83.0,8.42,9.2,15.0,7.0,5.0,30.0
70.0,5.61,9.4,16.0,0.0,0.0,14.0
94.0,9.56,9.5,16.0,6.0,7.0,33.0
77.0,8.45,7.0,16.0,7.0,9.0,35.0
72.0,0.0,9.3,15.0,5.0,7.0,14.0
87.0,8.89,7.9,17.0,5.0,6.0,28.0
95.0,9.29,5.2,19.0,12.0,12.0,24.0
72.0,7.15,8.2,11.0,6.0,9.0,15.0
96.0,0.0,7.4,17.0,13.0,13.0,49.0
68.0,7.94,6.4,15.0,8.0,9.0,26.0
79.0,6.97,9.9,12.0,8.0,9.0,23.0
85.0,7.32,5.3,17.0,10.0,10.0,35.0
80.0,8.66,9.7,15.0,8.0,8.0,27.0
98.0,7.92,5.8,16.0,10.0,13.0,32.0
96.0,9.66,6.9,20.0,9.0,9.0,35.0
89.0,8.35,7.1,16.0,11.0,10.0,32.0
93.0,10.0,8.7,20.0,8.0,7.0,35.0
81.0,8.69,6.1,15.0,11.0,12.0,30.0
81.0,8.66,9.9,15.0,5.0,4.0,23.0
65.0,7.19,8.7,13.0,3.0,4.0,17.0
83.0,7.59,8.9,16.0,7.0,7.0,26.0
89.0,8.65,5.5,17.0,14.0,13.0,33.0
97.0,9.41,7.4,18.0,8.0,5.0,38.0
83.0,8.64,9.7,15.0,8.0,6.0,24.0
94.0,9.29,6.4,20.0,14.0,12.0,30.0
79.0,7.78,5.7,16.0,11.0,9.0,27.0
85.0,8.04,7.4,17.0,8.0,9.0,31.0
75.0,7.54,9.7,13.0,6.0,10.0,23.0
91.0,9.16,7.4,20.0,15.0,14.0,40.0
97.0,9.26,7.0,19.0,12.0,11.0,34.0
85.0,8.45,8.3,13.0,10.0,9.0,20.0
88.0,7.93,9.7,18.0,6.0,8.0,27.0
81.0,9.09,5.2,15.0,14.0,15.0,49.0
100.0,9.65,5.8,20.0,11.0,11.0,47.0
90.0,8.39,5.7,20.0,9.0,7.0,31.0
91.0,9.22,5.4,20.0,14.0,12.0,43.0
94.0,9.7,6.5,18.0,14.0,14.0,49.0
67.0,6.8,6.1,13.0,3.0,3.0,18.0
92.0,9.05,7.7,19.0,13.0,13.0,41.0
90.0,8.13,6.6,20.0,9.0,10.0,25.0
83.0,9.8,7.0,15.0,10.0,8.0,35.0
84.0,8.96,9.7,17.0,8.0,9.0,25.0
93.0,8.52,5.8,20.0,9.0,9.0,34.0
83.0,8.69,6.9,16.0,11.0,9.0,25.0
65.0,6.72,6.3,13.0,2.0,1.0,11.0
68.0,7.88,7.7,19.0,4.0,5.0,19.0
83.0,8.05,8.7,16.0,5.0,3.0,20.0
94.0,8.89,9.1,16.0,13.0,15.0,32.0
85.0,8.34,7.6,17.0,7.0,8.0,16.0
74.0,8.32,9.3,18.0,4.0,4.0,26.0
75.0,8.08,8.9,17.0,5.0,4.0,5.0
93.0,8.8,5.8,17.0,12.0,14.0,38.0
90.0,8.75,6.2,19.0,11.0,10.0,30.0
75.0,8.2,8.4,15.0,6.0,5.0,16.0
79.0,9.66,9.9,17.0,9.0,12.0,32.0
75.0,8.03,6.9,14.0,4.0,3.0,26.0
94.0,8.86,6.1,20.0,12.0,12.0,43.0
88.0,10.0,9.3,20.0,13.0,11.0,40.0
83.0,8.5,6.0,11.0,8.0,9.0,27.0
69.0,7.4,8.5,15.0,6.0,7.0,18.0
83.0,8.98,5.2,19.0,9.0,12.0,24.0
84.0,9.0,5.1,14.0,9.0,7.0,37.0
97.0,9.55,7.3,18.0,12.0,9.0,38.0
73.0,7.08,8.3,14.0,10.0,9.0,17.0
89.0,10.0,5.7,16.0,14.0,13.0,32.0
100.0,10.0,8.8,18.0,11.0,11.0,35.0
66.0,0.0,5.6,12.0,6.0,7.0,31.0
82.0,8.12,7.7,18.0,10.0,15.0,24.0
86.0,9.41,6.5,20.0,9.0,8.0,26.0
83.0,7.05,8.8,19.0,5.0,1.0,21.0
77.0,7.36,9.0,17.0,7.0,7.0,24.0
89.0,10.0,5.3,20.0,13.0,14.0,33.0
73.0,7.45,6.0,19.0,7.0,5.0,14.0
94.0,0.0,9.5,19.0,13.0,13.0,31.0
74.0,7.68,7.1,18.0,10.0,10.0,22.0
88.0,9.7,7.4,18.0,11.0,12.0,45.0
67.0,8.17,5.8,13.0,5.0,7.0,18.0
81.0,8.36,10.0,16.0,9.0,9.0,25.0
100.0,9.7,9.6,20.0,10.0,11.0,37.0
85.0,8.38,5.0,20.0,13.0,9.0,25.0
71.0,7.6,7.8,15.0,5.0,3.0,15.0
68.0,7.93,9.4,13.0,6.0,5.0,14.0
69.0,0.0,7.2,13.0,10.0,8.0,17.0
100.0,10.0,7.2,16.0,14.0,14.0,49.0
95.0,10.0,6.9,20.0,14.0,13.0,47.0
85.0,7.91,5.1,18.0,9.0,8.0,26.0
80.0,7.48,9.0,14.0,7.0,9.0,17.0
64.0,0.0,7.3,14.0,5.0,5.0,18.0
94.0,8.59,7.7,20.0,10.0,8.0,30.0
92.0,8.18,6.3,15.0,7.0,6.0,37.0
94.0,9.64,8.9,18.0,14.0,15.0,41.0
82.0,8.35,9.0,19.0,9.0,9.0,21.0
87.0,8.91,7.8,16.0,11.0,13.0,35.0
92.0,7.79,9.5,18.0,7.0,9.0,25.0
84.0,8.74,5.6,17.0,11.0,10.0,43.0
75.0,7.21,8.9,15.0,3.0,6.0,26.0
82.0,8.84,7.8,18.0,11.0,14.0,23.0
90.0,0.0,6.2,20.0,11.0,7.0,28.0
98.0,9.16,5.7,20.0,15.0,15.0,39.0
100.0,9.44,6.5,19.0,12.0,11.0,36.0
89.0,9.05,9.3,19.0,10.0,9.0,27.0
87.0,9.07,8.9,19.0,9.0,7.0,25.0
91.0,8.37,8.2,18.0,8.0,6.0,37.0
78.0,7.98,5.5,14.0,9.0,11.0,25.0
100.0,8.73,9.8,20.0,9.0,7.0,39.0
93.0,8.97,6.5,17.0,9.0,9.0,30.0
90.0,0.0,8.0,17.0,9.0,6.0,36.0
97.0,9.97,9.0,20.0,9.0,12.0,28.0
83.0,7.34,5.7,16.0,8.0,8.0,19.0
87.0,7.97,8.3,18.0,14.0,15.0,30.0
92.0,9.93,5.2,15.0,11.0,11.0,34.0
84.0,6.92,5.5,16.0,6.0,5.0,26.0
84.0,9.26,8.6,12.0,9.0,9.0,32.0
100.0,8.86,5.8,18.0,15.0,15.0,38.0
88.0,7.89,7.2,17.0,14.0,12.0,36.0
83.0,7.36,6.2,19.0,11.0,6.0,29.0
78.0,0.0,7.1,17.0,8.0,6.0,25.0
87.0,7.94,5.4,18.0,12.0,10.0,31.0
99.0,0.0,8.8,19.0,10.0,12.0,42.0
85.0,9.15,5.4,16.0,10.0,10.0,39.0
81.0,0.0,9.2,19.0,5.0,7.0,24.0
97.0,8.86,8.3,17.0,11.0,11.0,40.0
72.0,9.15,7.1,13.0,9.0,9.0,29.0
76.0,8.59,9.3,17.0,8.0,8.0,33.0
81.0,8.34,5.9,16.0,8.0,11.0,30.0
81.0,8.87,6.3,20.0,12.0,12.0,39.0
100.0,9.35,5.7,20.0,9.0,11.0,44.0
96.0,9.54,6.9,20.0,10.0,12.0,37.0
76.0,7.91,9.9,12.0,5.0,5.0,8.0
87.0,9.11,5.8,20.0,8.0,8.0,50.0
100.0,9.88,9.2,18.0,12.0,11.0,39.0
86.0,8.87,8.3,19.0,11.0,14.0,42.0
98.0,0.0,5.1,19.0,12.0,10.0,30.0
67.0,0.0,9.7,14.0,9.0,8.0,17.0
93.0,9.42,9.9,16.0,11.0,10.0,33.0
90.0,9.73,9.6,15.0,12.0,10.0,27.0
59.0,0.0,7.5,12.0,7.0,6.0,19.0
100.0,9.26,6.1,19.0,13.0,15.0,40.0
81.0,8.29,7.0,14.0,6.0,7.0,24.0
81.0,7.01,8.1,13.0,3.0,2.0,24.0
79.0,9.01,6.9,10.0,10.0,12.0,27.0
88.0,8.34,8.5,19.0,8.0,12.0,32.0
83.0,8.67,9.0,16.0,10.0,11.0,25.0
97.0,9.51,6.0,18.0,12.0,15.0,44.0
84.0,7.97,7.0,17.0,11.0,13.0,41.0
85.0,8.31,9.8,19.0,4.0,3.0,20.0
94.0,9.73,6.2,19.0,12.0,12.0,38.0
86.0,8.86,6.7,16.0,9.0,10.0,34.0
73.0,8.06,5.2,19.0,8.0,7.0,29.0
86.0,8.23,6.7,16.0,9.0,4.0,36.0
100.0,8.38,6.9,17.0,11.0,9.0,39.0
77.0,7.03,5.5,16.0,15.0,11.0,36.0
97.0,10.0,5.0,19.0,15.0,13.0,48.0
86.0,7.68,7.9,19.0,10.0,7.0,22.0
80.0,0.0,6.5,15.0,10.0,12.0,26.0
85.0,9.43,5.1,17.0,11.0,9.0,30.0
80.0,0.0,9.3,14.0,7.0,8.0,23.0
83.0,7.5,7.9,18.0,12.0,14.0,29.0
77.0,6.23,5.9,16.0,6.0,7.0,26.0
90.0,0.0,9.3,17.0,8.0,4.0,32.0
86.0,8.8,6.3,17.0,10.0,12.0,42.0
95.0,8.53,6.1,19.0,14.0,15.0,42.0
92.0,9.28,9.5,16.0,13.0,15.0,32.0
75.0,7.91,5.9,17.0,11.0,15.0,33.0
84.0,7.85,9.4,19.0,7.0,9.0,28.0
84.0,7.63,9.0,17.0,6.0,4.0,29.0
88.0,8.44,6.5,17.0,12.0,13.0,33.0
86.0,8.78,5.2,15.0,15.0,12.0,34.0
94.0,8.97,5.4,20.0,13.0,13.0,42.0
77.0,7.87,5.5,18.0,10.0,9.0,28.0
61.0,6.8,9.5,13.0,1.0,1.0,15.0
94.0,9.33,7.0,20.0,10.0,7.0,34.0
87.0,8.64,5.2,20.0,10.0,7.0,39.0
73.0,7.34,7.8,17.0,9.0,8.0,18.0
84.0,0.0,6.0,15.0,9.0,9.0,29.0
65.0,7.1,6.2,12.0,6.0,5.0,12.0
93.0,0.0,5.8,20.0,14.0,15.0,25.0
92.0,8.77,8.8,19.0,8.0,9.0,42.0
52.0,5.61,5.0,12.0,2.0,3.0,3.0
86.0,8.78,7.2,18.0,7.0,6.0,27.0
69.0,6.85,5.4,14.0,10.0,7.0,35.0
100.0,8.89,7.8,15.0,14.0,14.0,32.0
91.0,0.0,6.7,20.0,14.0,15.0,37.0
92.0,9.28,5.1,20.0,14.0,14.0,44.0
96.0,8.54,7.3,20.0,10.0,12.0,33.0
88.0,9.08,7.9,17.0,7.0,9.0,30.0
82.0,0.0,6.2,13.0,11.0,12.0,31.0
89.0,9.21,8.8,17.0,10.0,10.0,27.0
79.0,8.75,6.9,17.0,11.0,9.0,31.0
77.0,0.0,8.7,15.0,7.0,7.0,16.0
89.0,9.26,7.9,20.0,11.0,10.0,40.0
66.0,6.92,9.3,12.0,7.0,8.0,22.0
85.0,8.56,7.7,17.0,12.0,9.0,28.0
62.0,6.63,5.9,12.0,5.0,4.0,23.0
98.0,9.39,9.1,20.0,11.0,12.0,38.0
95.0,0.0,8.9,17.0,8.0,7.0,21.0
92.0,9.13,9.9,20.0,9.0,7.0,41.0
90.0,9.36,5.5,16.0,15.0,13.0,42.0
81.0,8.6,8.0,17.0,10.0,9.0,29.0
86.0,8.4,7.5,15.0,9.0,4.0,21.0
87.0,7.64,8.4,20.0,8.0,7.0,28.0
90.0,8.44,9.9,20.0,8.0,10.0,26.0
86.0,0.0,7.7,18.0,10.0,11.0,39.0
90.0,8.8,8.4,15.0,8.0,9.0,34.0
100.0,10.0,6.7,20.0,15.0,11.0,40.0
93.0,9.15,6.5,18.0,10.0,9.0,20.0
70.0,6.87,6.7,16.0,3.0,3.0,15.0
65.0,7.14,5.2,11.0,5.0,6.0,16.0
84.0,7.61,6.4,19.0,14.0,15.0,32.0
82.0,8.43,5.9,18.0,6.0,8.0,32.0
84.0,7.73,7.3,14.0,10.0,9.0,29.0
81.0,9.14,7.3,16.0,9.0,8.0,36.0
83.0,8.93,8.8,16.0,9.0,12.0,31.0
98.0,8.72,7.5,20.0,13.0,12.0,30.0
86.0,8.96,7.3,16.0,6.0,4.0,24.0
85.0,8.72,6.2,17.0,8.0,8.0,38.0
84.0,9.59,9.3,19.0,10.0,13.0,24.0
96.0,9.09,5.5,20.0,12.0,10.0,41.0
87.0,7.78,9.9,14.0,7.0,6.0,16.0
91.0,8.23,7.4,17.0,11.0,9.0,34.0
84.0,6.82,5.9,19.0,6.0,8.0,27.0
90.0,9.04,6.8,20.0,14.0,15.0,37.0
89.0,9.0,5.1,13.0,14.0,15.0,45.0
91.0,9.35,5.8,19.0,13.0,15.0,42.0
82.0,7.44,6.7,18.0,10.0,7.0,25.0
84.0,7.52,7.8,18.0,9.0,7.0,23.0
83.0,8.04,5.6,18.0,7.0,6.0,30.0
93.0,9.35,8.4,20.0,11.0,11.0,39.0
78.0,7.59,9.2,16.0,12.0,13.0,27.0
69.0,0.0,7.9,14.0,8.0,7.0,32.0
73.0,7.03,6.5,13.0,6.0,5.0,16.0
95.0,8.93,5.6,18.0,15.0,15.0,31.0
89.0,7.79,5.1,17.0,12.0,13.0,32.0
96.0,9.42,8.7,20.0,12.0,13.0,30.0
93.0,9.96,8.1,17.0,11.0,7.0,41.0
77.0,7.51,7.4,18.0,11.0,13.0,29.0
80.0,8.47,5.5,14.0,9.0,9.0,29.0
90.0,9.54,6.0,19.0,13.0,13.0,50.0
89.0,9.23,9.1,19.0,7.0,5.0,36.0
80.0,8.02,7.4,17.0,12.0,11.0,22.0
75.0,8.24,9.8,17.0,7.0,5.0,24.0
79.0,7.14,10.0,14.0,3.0,0.0,19.0
77.0,0.0,9.0,14.0,9.0,7.0,32.0
81.0,8.26,6.3,14.0,11.0,8.0,27.0
81.0,8.5,6.2,16.0,11.0,11.0,29.0
88.0,8.69,6.3,17.0,9.0,7.0,29.0
97.0,9.03,9.9,20.0,13.0,14.0,43.0
89.0,8.76,6.7,19.0,11.0,8.0,24.0
88.0,9.34,8.5,19.0,5.0,7.0,32.0
95.0,8.6,9.8,19.0,7.0,9.0,32.0
90.0,8.2,9.1,19.0,9.0,7.0,30.0
92.0,0.0,8.0,20.0,11.0,11.0,44.0
85.0,8.15,5.8,14.0,11.0,9.0,26.0
94.0,9.74,5.9,15.0,15.0,15.0,37.0
84.0,7.63,7.5,18.0,7.0,11.0,15.0
89.0,9.36,9.8,16.0,12.0,14.0,32.0
91.0,8.95,9.5,15.0,6.0,5.0,26.0
92.0,9.29,5.8,19.0,14.0,14.0,50.0
85.0,9.12,6.4,15.0,10.0,13.0,37.0
80.0,9.01,7.9,19.0,10.0,11.0,35.0
88.0,8.8,7.4,18.0,6.0,8.0,36.0
82.0,0.0,5.6,16.0,9.0,10.0,37.0
79.0,7.7,6.8,14.0,10.0,10.0,33.0
86.0,8.7,9.8,18.0,6.0,6.0,24.0
83.0,9.37,9.8,13.0,8.0,6.0,32.0
86.0,8.62,7.8,12.0,14.0,12.0,45.0
93.0,9.17,8.2,15.0,11.0,9.0,36.0
72.0,7.78,6.1,17.0,8.0,7.0,17.0
81.0,7.76,8.7,14.0,7.0,7.0,24.0
90.0,8.92,5.3,15.0,8.0,8.0,35.0
94.0,8.87,6.1,19.0,12.0,12.0,40.0
96.0,9.87,5.0,20.0,9.0,10.0,40.0
82.0,8.31,6.9,19.0,8.0,7.0,22.0
86.0,9.52,9.3,16.0,10.0,11.0,19.0
85.0,8.45,9.9,15.0,8.0,10.0,24.0
82.0,7.43,8.3,15.0,8.0,9.0,26.0
76.0,7.71,8.7,13.0,8.0,7.0,23.0
88.0,9.22,6.3,19.0,9.0,11.0,40.0
89.0,8.87,7.6,17.0,9.0,10.0,38.0
83.0,9.01,8.7,14.0,5.0,6.0,27.0
96.0,9.41,7.5,17.0,11.0,14.0,34.0
77.0,7.4,5.4,20.0,12.0,13.0,36.0
94.0,9.49,8.7,20.0,13.0,15.0,35.0
77.0,6.89,6.1,14.0,7.0,7.0,17.0
88.0,8.87,5.5,20.0,15.0,14.0,43.0
94.0,9.21,7.4,16.0,10.0,12.0,35.0
84.0,9.29,5.4,17.0,10.0,8.0,37.0
66.0,7.1,8.1,13.0,5.0,9.0,25.0
80.0,8.39,8.2,16.0,3.0,6.0,22.0
79.0,7.55,6.3,14.0,10.0,10.0,31.0
92.0,8.84,9.8,19.0,9.0,11.0,29.0
85.0,0.0,9.1,14.0,11.0,12.0,39.0
87.0,0.0,5.5,17.0,10.0,7.0,46.0
79.0,8.5,8.7,18.0,13.0,11.0,30.0
91.0,9.57,6.8,20.0,12.0,13.0,49.0
76.0,7.57,8.8,14.0,6.0,6.0,21.0
94.0,10.0,9.0,16.0,12.0,15.0,43.0
76.0,7.74,5.8,11.0,9.0,10.0,40.0
98.0,9.15,8.3,20.0,11.0,8.0,41.0
100.0,9.8,9.3,20.0,10.0,9.0,36.0
95.0,8.34,6.6,20.0,8.0,9.0,36.0
81.0,7.9,5.4,20.0,6.0,2.0,19.0
83.0,7.61,5.1,17.0,11.0,8.0,27.0
100.0,10.0,5.6,20.0,12.0,11.0,41.0
82.0,9.05,5.0,14.0,7.0,9.0,33.0
86.0,8.83,6.6,20.0,8.0,8.0,32.0
92.0,9.05,6.5,18.0,12.0,13.0,46.0
66.0,0.0,5.6,12.0,4.0,4.0,15.0
90.0,8.22,8.3,18.0,9.0,9.0,30.0
97.0,9.88,10.0,20.0,8.0,7.0,37.0
87.0,8.4,9.5,20.0,10.0,12.0,30.0
79.0,7.73,6.3,14.0,9.0,6.0,27.0
83.0,8.2,8.8,19.0,12.0,12.0,29.0
84.0,8.7,9.7,17.0,6.0,8.0,23.0
96.0,9.65,9.5,20.0,9.0,7.0,32.0
80.0,8.96,9.4,17.0,11.0,8.0,37.0
55.0,6.35,8.9,12.0,3.0,0.0,8.0
90.0,8.58,6.5,20.0,8.0,9.0,30.0
80.0,8.13,5.4,13.0,10.0,11.0,29.0
90.0,9.37,7.4,19.0,12.0,11.0,28.0
85.0,8.67,5.3,15.0,7.0,4.0,35.0
85.0,9.01,10.0,16.0,7.0,7.0,28.0
88.0,8.69,6.8,18.0,10.0,12.0,42.0
87.0,8.77,9.8,15.0,12.0,9.0,32.0
78.0,8.07,8.9,14.0,8.0,10.0,25.0
90.0,8.96,7.1,15.0,9.0,6.0,36.0
96.0,9.67,5.6,18.0,11.0,9.0,50.0
91.0,8.89,6.2,19.0,13.0,13.0,42.0
84.0,8.51,8.4,19.0,3.0,5.0,19.0
82.0,8.5,9.1,15.0,7.0,10.0,34.0
80.0,8.86,9.9,19.0,11.0,13.0,22.0
100.0,8.66,5.7,20.0,12.0,15.0,34.0
98.0,9.73,5.8,20.0,13.0,13.0,41.0
78.0,8.19,5.2,12.0,6.0,5.0,38.0
76.0,7.09,6.3,16.0,8.0,10.0,27.0
91.0,0.0,9.1,19.0,8.0,11.0,32.0
81.0,8.66,6.0,13.0,9.0,11.0,37.0
85.0,9.01,7.7,20.0,11.0,12.0,38.0
87.0,9.74,7.2,16.0,12.0,15.0,37.0
100.0,9.09,6.6,20.0,12.0,13.0,41.0
62.0,7.15,8.1,14.0,2.0,2.0,12.0
79.0,8.33,7.5,16.0,6.0,7.0,21.0
68.0,7.89,6.7,16.0,8.0,9.0,18.0
88.0,9.27,8.4,20.0,12.0,14.0,49.0
76.0,7.14,6.4,13.0,8.0,8.0,24.0
89.0,9.07,8.2,18.0,10.0,12.0,42.0
92.0,9.41,9.8,20.0,12.0,14.0,45.0
86.0,8.4,8.6,14.0,6.0,6.0,25.0
85.0,9.36,7.1,19.0,11.0,9.0,25.0
90.0,8.7,8.7,20.0,7.0,9.0,25.0
98.0,9.43,9.0,20.0,10.0,8.0,36.0
74.0,7.29,6.6,16.0,7.0,5.0,34.0
92.0,9.82,8.5,20.0,13.0,13.0,44.0
84.0,9.34,7.2,18.0,9.0,4.0,32.0
89.0,9.75,9.1,15.0,9.0,12.0,30.0
95.0,10.0,6.5,18.0,12.0,12.0,46.0
89.0,9.38,9.7,17.0,9.0,12.0,30.0
76.0,8.37,7.9,15.0,7.0,11.0,26.0
86.0,8.7,6.8,17.0,9.0,9.0,30.0
85.0,8.25,7.1,16.0,10.0,13.0,28.0
79.0,8.47,6.7,16.0,10.0,8.0,34.0
80.0,9.43,5.7,19.0,15.0,15.0,35.0
86.0,8.32,5.3,18.0,11.0,10.0,37.0
99.0,8.89,6.6,20.0,9.0,10.0,37.0
74.0,7.17,7.3,10.0,7.0,9.0,24.0
100.0,10.0,6.8,20.0,11.0,11.0,48.0
77.0,8.44,5.1,18.0,9.0,10.0,31.0
88.0,9.44,7.9,20.0,8.0,10.0,30.0
69.0,7.27,5.7,16.0,6.0,6.0,32.0
96.0,10.0,6.1,20.0,12.0,15.0,50.0
96.0,7.57,5.6,20.0,7.0,7.0,28.0
97.0,9.75,7.6,18.0,11.0,14.0,35.0
96.0,8.16,5.5,20.0,6.0,8.0,40.0
75.0,7.4,6.3,14.0,8.0,4.0,25.0
100.0,9.39,7.3,20.0,10.0,13.0,38.0
84.0,7.47,5.8,17.0,6.0,8.0,19.0
87.0,8.87,7.2,17.0,11.0,11.0,37.0
92.0,9.54,6.7,20.0,13.0,14.0,40.0
67.0,7.03,9.3,15.0,4.0,5.0,17.0
80.0,8.07,9.0,17.0,8.0,11.0,20.0
98.0,9.74,10.0,19.0,14.0,13.0,39.0
94.0,8.51,7.6,20.0,7.0,10.0,28.0
86.0,9.2,7.9,18.0,12.0,10.0,36.0
93.0,9.66,9.7,20.0,8.0,4.0,39.0
88.0,9.74,7.0,18.0,15.0,15.0,37.0
86.0,8.87,7.8,16.0,8.0,11.0,32.0
90.0,8.68,6.9,19.0,9.0,9.0,27.0
80.0,7.24,7.7,15.0,9.0,4.0,21.0
98.0,0.0,5.4,20.0,15.0,12.0,50.0
96.0,10.0,8.9,13.0,9.0,10.0,28.0
88.0,8.73,9.9,17.0,8.0,8.0,28.0
94.0,8.93,5.3,19.0,11.0,14.0,50.0
90.0,9.98,9.0,16.0,8.0,8.0,39.0
79.0,8.66,6.2,17.0,11.0,10.0,33.0
87.0,9.32,6.0,17.0,11.0,12.0,32.0
84.0,8.28,8.5,17.0,7.0,9.0,19.0
95.0,9.07,5.2,18.0,14.0,15.0,46.0
69.0,6.74,7.3,16.0,3.0,3.0,16.0
86.0,8.45,5.0,18.0,11.0,11.0,28.0
70.0,5.99,7.8,15.0,7.0,9.0,10.0
81.0,8.49,7.3,16.0,8.0,7.0,23.0
100.0,9.98,9.6,20.0,10.0,11.0,34.0
94.0,8.59,8.6,18.0,9.0,9.0,40.0
100.0,9.28,5.6,19.0,13.0,13.0,45.0
85.0,8.05,6.8,15.0,11.0,11.0,34.0
94.0,9.71,9.7,20.0,13.0,13.0,38.0
100.0,9.66,8.6,20.0,9.0,13.0,43.0
92.0,8.87,8.0,17.0,11.0,10.0,39.0
72.0,7.1,7.8,14.0,2.0,1.0,23.0
77.0,8.73,7.0,15.0,10.0,13.0,26.0
92.0,9.09,7.9,18.0,11.0,12.0,33.0
81.0,7.4,8.9,13.0,6.0,8.0,15.0
81.0,0.0,5.6,18.0,9.0,7.0,35.0
74.0,6.72,9.8,17.0,5.0,5.0,6.0
85.0,8.73,6.2,13.0,13.0,15.0,47.0
94.0,7.89,7.2,20.0,7.0,6.0,28.0
64.0,5.0,5.1,16.0,2.0,3.0,12.0
95.0,9.91,7.8,13.0,11.0,11.0,31.0
99.0,8.66,6.9,15.0,10.0,9.0,48.0
83.0,8.25,6.2,16.0,7.0,9.0,36.0
97.0,9.41,9.9,20.0,8.0,10.0,31.0
76.0,7.69,7.1,16.0,11.0,11.0,28.0
84.0,0.0,7.1,17.0,7.0,8.0,22.0
97.0,9.24,7.3,20.0,11.0,14.0,37.0
86.0,0.0,5.6,16.0,7.0,6.0,34.0
78.0,0.0,7.0,18.0,9.0,10.0,34.0
76.0,6.58,6.7,15.0,5.0,4.0,34.0
90.0,9.04,7.3,15.0,13.0,11.0,31.0
93.0,9.49,9.3,17.0,7.0,6.0,31.0
85.0,9.58,6.0,18.0,15.0,13.0,34.0
83.0,9.68,8.0,16.0,12.0,13.0,38.0
96.0,8.69,5.2,18.0,10.0,8.0,34.0
93.0,0.0,6.6,19.0,13.0,10.0,35.0
78.0,7.57,7.4,16.0,13.0,14.0,28.0
92.0,10.0,5.4,16.0,13.0,14.0,38.0
89.0,9.57,7.7,20.0,8.0,7.0,47.0
86.0,8.35,6.6,17.0,12.0,13.0,33.0
60.0,6.37,10.0,13.0,3.0,1.0,10.0
96.0,0.0,8.2,19.0,15.0,14.0,35.0
96.0,0.0,6.2,18.0,12.0,13.0,38.0
92.0,9.9,5.5,20.0,15.0,15.0,48.0
86.0,7.63,5.2,17.0,9.0,8.0,27.0
85.0,0.0,5.5,17.0,15.0,14.0,41.0
98.0,9.44,8.4,15.0,10.0,12.0,35.0
95.0,10.0,9.3,20.0,15.0,15.0,34.0
75.0,6.73,5.8,15.0,6.0,6.0,16.0
89.0,9.29,7.0,19.0,14.0,15.0,39.0
83.0,9.54,6.8,20.0,14.0,15.0,36.0
86.0,0.0,8.2,19.0,9.0,10.0,44.0
79.0,0.0,5.9,16.0,10.0,9.0,30.0
100.0,9.07,9.8,19.0,10.0,11.0,38.0
91.0,8.67,8.6,20.0,9.0,7.0,31.0
77.0,8.6,9.8,16.0,9.0,11.0,29.0
84.0,8.09,6.4,17.0,10.0,9.0,26.0
70.0,8.41,7.9,14.0,10.0,10.0,16.0
100.0,9.85,8.7,18.0,10.0,8.0,27.0
94.0,8.03,8.6,15.0,10.0,10.0,35.0
88.0,8.75,5.1,20.0,7.0,7.0,40.0
78.0,8.24,10.0,14.0,8.0,9.0,20.0
96.0,8.93,9.6,19.0,14.0,14.0,47.0
86.0,9.05,5.6,17.0,12.0,12.0,38.0
83.0,0.0,7.7,19.0,5.0,4.0,15.0
83.0,8.2,6.6,15.0,11.0,10.0,35.0
96.0,9.92,9.4,20.0,8.0,5.0,38.0
93.0,8.54,8.5,20.0,11.0,14.0,40.0
90.0,9.77,6.1,15.0,14.0,14.0,47.0
70.0,7.55,5.2,11.0,9.0,12.0,19.0
77.0,8.34,6.5,14.0,12.0,12.0,34.0
97.0,8.5,5.2,20.0,12.0,8.0,36.0
77.0,8.33,5.7,16.0,9.0,8.0,31.0
95.0,9.24,8.2,19.0,12.0,12.0,44.0
100.0,9.48,8.7,20.0,11.0,11.0,36.0
79.0,8.25,7.3,14.0,7.0,8.0,32.0
76.0,7.82,8.0,15.0,8.0,8.0,20.0
88.0,7.84,5.8,17.0,9.0,8.0,37.0
86.0,8.34,6.6,16.0,10.0,8.0,30.0
89.0,8.38,8.6,20.0,4.0,3.0,33.0
91.0,7.58,6.8,14.0,8.0,9.0,25.0
88.0,7.91,6.7,20.0,8.0,10.0,32.0
83.0,0.0,6.0,18.0,5.0,4.0,31.0
86.0,8.37,8.0,19.0,12.0,14.0,22.0
84.0,8.2,9.0,17.0,10.0,11.0,28.0
81.0,7.65,7.3,19.0,11.0,9.0,29.0
70.0,7.43,5.6,13.0,7.0,7.0,22.0
81.0,7.48,9.2,17.0,5.0,6.0,26.0
89.0,8.95,5.4,18.0,12.0,10.0,44.0
97.0,10.0,7.4,19.0,13.0,10.0,44.0
63.0,6.2,6.3,13.0,4.0,5.0,11.0
78.0,9.51,9.7,14.0,3.0,2.0,20.0
81.0,8.52,8.7,15.0,10.0,13.0,30.0
89.0,9.18,7.8,20.0,11.0,14.0,32.0
77.0,8.95,8.3,20.0,7.0,8.0,24.0
83.0,8.49,7.7,18.0,11.0,13.0,27.0
90.0,8.34,5.7,20.0,13.0,11.0,36.0
89.0,0.0,8.5,18.0,9.0,6.0,35.0
78.0,8.01,7.5,17.0,8.0,8.0,23.0
84.0,9.09,8.2,18.0,9.0,6.0,41.0
90.0,0.0,5.2,20.0,15.0,15.0,36.0
93.0,8.37,5.7,20.0,13.0,11.0,39.0
74.0,8.37,7.9,13.0,7.0,7.0,26.0
75.0,7.1,7.3,20.0,8.0,8.0,26.0
95.0,9.23,6.1,19.0,13.0,14.0,44.0
72.0,8.03,6.2,15.0,6.0,7.0,27.0
96.0,9.05,8.2,18.0,10.0,9.0,27.0
92.0,9.32,5.3,18.0,15.0,12.0,43.0
83.0,8.05,7.2,18.0,11.0,11.0,38.0
94.0,9.68,7.6,20.0,15.0,12.0,38.0
73.0,9.0,6.5,16.0,9.0,11.0,34.0
95.0,8.55,9.1,18.0,9.0,10.0,32.0
76.0,9.04,5.3,10.0,10.0,12.0,29.0
89.0,9.61,9.3,14.0,9.0,7.0,32.0
80.0,0.0,8.6,16.0,6.0,7.0,18.0
96.0,9.06,7.2,20.0,9.0,8.0,39.0
77.0,8.83,9.6,15.0,1.0,1.0,21.0
88.0,8.49,8.5,16.0,11.0,9.0,36.0
86.0,0.0,9.7,18.0,3.0,3.0,27.0
95.0,9.63,7.4,19.0,9.0,6.0,39.0
82.0,7.99,7.3,15.0,8.0,8.0,22.0
78.0,8.28,7.7,12.0,8.0,5.0,30.0
81.0,7.01,5.3,15.0,14.0,15.0,28.0
91.0,8.92,9.5,20.0,7.0,7.0,31.0
82.0,7.99,8.3,14.0,13.0,13.0,27.0
85.0,9.58,8.1,18.0,14.0,15.0,33.0
86.0,8.75,9.6,20.0,11.0,8.0,33.0
98.0,8.82,10.0,18.0,12.0,10.0,36.0
78.0,9.11,5.8,15.0,9.0,10.0,32.0
99.0,9.78,8.7,20.0,7.0,7.0,36.0
85.0,8.89,7.9,19.0,10.0,9.0,36.0
74.0,8.93,7.3,14.0,5.0,6.0,22.0
76.0,7.41,9.9,12.0,3.0,4.0,22.0
89.0,8.37,9.3,20.0,9.0,10.0,34.0
97.0,8.77,8.5,20.0,9.0,10.0,35.0
78.0,8.85,6.9,16.0,11.0,10.0,32.0
99.0,0.0,8.3,20.0,11.0,11.0,42.0
93.0,8.73,7.7,16.0,11.0,7.0,36.0
70.0,5.77,6.2,15.0,5.0,4.0,19.0
83.0,8.72,7.3,16.0,10.0,10.0,30.0
69.0,7.33,6.1,15.0,4.0,5.0,13.0
83.0,8.15,7.5,18.0,6.0,7.0,27.0
100.0,10.0,8.6,20.0,12.0,10.0,35.0
96.0,10.0,5.2,20.0,11.0,9.0,46.0
78.0,7.22,8.8,16.0,8.0,11.0,10.0
89.0,10.0,5.1,18.0,10.0,9.0,44.0
72.0,7.92,7.6,15.0,12.0,12.0,23.0
94.0,9.92,7.9,18.0,12.0,14.0,36.0
90.0,8.9,8.8,17.0,10.0,10.0,33.0
90.0,9.39,8.8,19.0,8.0,8.0,15.0
91.0,0.0,7.1,20.0,14.0,13.0,39.0
91.0,9.34,5.3,17.0,10.0,9.0,31.0
91.0,8.43,8.5,16.0,9.0,9.0,24.0
88.0,8.13,7.6,14.0,11.0,7.0,48.0
91.0,0.0,6.7,16.0,12.0,11.0,30.0
88.0,8.3,6.2,17.0,14.0,15.0,41.0
79.0,8.04,5.6,15.0,10.0,11.0,27.0
75.0,7.8,6.5,14.0,6.0,9.0,20.0
100.0,10.0,7.3,18.0,8.0,10.0,35.0
93.0,9.49,7.4,15.0,12.0,13.0,44.0
82.0,8.9,7.9,17.0,10.0,10.0,39.0
79.0,7.74,6.8,16.0,11.0,10.0,22.0
92.0,8.11,9.6,20.0,8.0,9.0,34.0
85.0,8.54,7.5,19.0,10.0,11.0,25.0
96.0,8.91,7.1,20.0,12.0,11.0,33.0
89.0,8.05,5.2,18.0,12.0,10.0,38.0
84.0,8.31,8.0,19.0,12.0,12.0,28.0
85.0,8.51,8.0,20.0,8.0,10.0,28.0
88.0,8.69,7.9,16.0,7.0,7.0,31.0
77.0,8.34,9.4,17.0,8.0,8.0,28.0
89.0,8.22,8.8,17.0,5.0,6.0,25.0
73.0,0.0,9.3,15.0,7.0,8.0,36.0
100.0,0.0,5.3,20.0,12.0,12.0,41.0
96.0,9.19,6.6,19.0,12.0,12.0,43.0
89.0,8.41,6.6,16.0,10.0,9.0,37.0
90.0,9.63,8.3,17.0,9.0,11.0,32.0
91.0,8.95,7.2,16.0,13.0,12.0,38.0
82.0,7.84,8.9,14.0,8.0,11.0,23.0
80.0,9.01,6.9,18.0,11.0,11.0,32.0
85.0,8.83,6.1,18.0,11.0,11.0,39.0
99.0,9.44,6.5,18.0,13.0,15.0,39.0
86.0,7.8,5.9,15.0,8.0,7.0,36.0
98.0,8.68,6.0,18.0,14.0,15.0,36.0
89.0,9.5,6.1,16.0,12.0,12.0,34.0
87.0,7.63,5.1,20.0,10.0,11.0,34.0
74.0,8.04,8.6,15.0,8.0,7.0,24.0
77.0,7.79,7.0,20.0,10.0,9.0,16.0
82.0,8.91,5.1,16.0,10.0,6.0,41.0
88.0,8.15,6.9,16.0,7.0,6.0,45.0
79.0,8.32,9.5,18.0,7.0,6.0,26.0
91.0,8.47,7.6,15.0,12.0,11.0,34.0
88.0,8.29,9.9,18.0,7.0,7.0,26.0
94.0,0.0,7.7,16.0,13.0,13.0,42.0
86.0,7.71,9.8,13.0,5.0,6.0,30.0
76.0,8.82,6.0,15.0,8.0,9.0,37.0
95.0,9.39,6.4,20.0,10.0,11.0,44.0
88.0,8.53,8.5,18.0,9.0,10.0,31.0
90.0,8.51,9.9,18.0,4.0,5.0,25.0
74.0,8.77,9.1,10.0,9.0,9.0,20.0
78.0,7.36,7.8,15.0,6.0,8.0,24.0
91.0,9.08,5.4,18.0,9.0,10.0,34.0
75.0,7.58,6.8,16.0,11.0,8.0,25.0
79.0,8.16,5.4,14.0,12.0,12.0,24.0
82.0,8.37,6.6,18.0,11.0,7.0,39.0
80.0,8.77,6.3,15.0,7.0,3.0,22.0
75.0,0.0,6.9,14.0,13.0,12.0,32.0
89.0,9.14,9.2,19.0,9.0,9.0,37.0
100.0,10.0,5.8,18.0,14.0,13.0,49.0
87.0,9.83,6.5,19.0,14.0,10.0,36.0
78.0,8.35,6.3,13.0,4.0,6.0,28.0
96.0,8.78,6.5,20.0,10.0,9.0,42.0
77.0,8.13,6.8,15.0,7.0,8.0,34.0
86.0,8.79,6.2,17.0,13.0,12.0,43.0
99.0,9.62,9.7,14.0,8.0,7.0,41.0
90.0,9.86,7.1,17.0,11.0,12.0,34.0
87.0,0.0,5.6,17.0,11.0,10.0,32.0
83.0,9.09,7.3,20.0,13.0,13.0,36.0
90.0,9.51,5.9,18.0,13.0,14.0,43.0
100.0,10.0,6.1,19.0,13.0,10.0,42.0
97.0,7.9,6.4,20.0,9.0,10.0,27.0
75.0,7.67,5.6,14.0,9.0,7.0,24.0
94.0,8.53,8.6,20.0,9.0,7.0,30.0
90.0,0.0,9.0,19.0,6.0,5.0,31.0
98.0,9.04,7.0,18.0,15.0,15.0,48.0
90.0,9.11,8.4,20.0,8.0,5.0,38.0
86.0,9.32,6.9,18.0,15.0,15.0,38.0
99.0,8.73,5.8,20.0,14.0,15.0,40.0
76.0,8.14,7.0,15.0,8.0,8.0,29.0
81.0,7.62,7.8,17.0,4.0,4.0,27.0
86.0,8.17,5.2,20.0,12.0,11.0,34.0
85.0,0.0,8.3,17.0,4.0,5.0,22.0
100.0,9.67,8.7,19.0,12.0,11.0,36.0
80.0,8.19,9.3,19.0,11.0,8.0,25.0
83.0,7.69,5.5,18.0,7.0,7.0,28.0
97.0,9.74,5.0,18.0,14.0,15.0,43.0
64.0,7.08,5.4,16.0,5.0,6.0,30.0
88.0,8.66,9.6,15.0,11.0,15.0,27.0
85.0,0.0,8.8,18.0,10.0,9.0,28.0
92.0,8.77,9.2,20.0,10.0,10.0,35.0
94.0,0.0,7.6,20.0,14.0,14.0,36.0
65.0,6.49,7.6,11.0,5.0,3.0,10.0
83.0,7.74,6.5,14.0,7.0,6.0,24.0
95.0,9.42,9.2,19.0,13.0,11.0,27.0
85.0,0.0,9.1,18.0,5.0,0.0,22.0
86.0,8.5,7.0,15.0,10.0,9.0,29.0
97.0,8.7,6.6,20.0,9.0,9.0,29.0
76.0,8.63,8.7,12.0,5.0,6.0,34.0
76.0,7.18,5.1,17.0,3.0,2.0,20.0
91.0,9.32,9.3,17.0,10.0,9.0,38.0
80.0,8.31,7.2,16.0,8.0,10.0,18.0
72.0,7.66,7.2,16.0,8.0,5.0,19.0
91.0,8.51,8.3,20.0,14.0,14.0,39.0
90.0,8.03,8.2,19.0,10.0,12.0,40.0
100.0,10.0,6.3,20.0,12.0,11.0,40.0
98.0,9.44,9.7,20.0,13.0,10.0,29.0
80.0,8.4,9.9,19.0,6.0,9.0,26.0
100.0,9.9,7.6,17.0,8.0,10.0,34.0
99.0,9.28,7.8,20.0,13.0,15.0,45.0
75.0,7.04,7.8,15.0,8.0,8.0,20.0
81.0,0.0,7.4,16.0,7.0,8.0,28.0
93.0,9.82,9.7,20.0,15.0,10.0,34.0
93.0,9.7,6.2,19.0,14.0,13.0,41.0
100.0,9.23,5.5,20.0,14.0,15.0,35.0
82.0,8.22,9.6,14.0,7.0,4.0,29.0
87.0,10.0,6.1,20.0,14.0,13.0,37.0
96.0,0.0,8.7,18.0,8.0,9.0,38.0
90.0,8.52,6.0,19.0,10.0,8.0,32.0
83.0,9.03,9.8,16.0,7.0,7.0,31.0
83.0,8.8,9.0,17.0,7.0,8.0,33.0
100.0,9.03,9.6,19.0,12.0,13.0,36.0
99.0,9.92,9.8,20.0,11.0,10.0,42.0
77.0,0.0,5.4,17.0,12.0,10.0,24.0
81.0,9.5,7.2,11.0,9.0,10.0,35.0
85.0,8.93,8.2,16.0,11.0,12.0,31.0
95.0,9.04,9.0,18.0,10.0,11.0,33.0
87.0,8.5,6.2,20.0,9.0,9.0,28.0
85.0,8.42,9.6,19.0,6.0,7.0,16.0
81.0,8.92,6.1,19.0,7.0,9.0,41.0
94.0,10.0,9.3,20.0,12.0,13.0,38.0
84.0,8.29,7.6,17.0,9.0,9.0,33.0
80.0,7.54,7.6,17.0,12.0,11.0,30.0
91.0,0.0,6.9,20.0,10.0,13.0,28.0
100.0,9.39,5.5,20.0,12.0,10.0,43.0
95.0,9.47,6.7,20.0,8.0,8.0,40.0
88.0,7.86,7.1,16.0,11.0,10.0,34.0
92.0,9.81,7.4,20.0,12.0,8.0,44.0
70.0,6.87,8.7,12.0,9.0,10.0,14.0
89.0,8.98,6.8,19.0,10.0,10.0,36.0
75.0,7.16,7.0,16.0,8.0,8.0,29.0
67.0,7.22,9.5,13.0,3.0,3.0,6.0
63.0,0.0,8.8,11.0,8.0,10.0,12.0
90.0,8.63,5.1,17.0,15.0,15.0,47.0
96.0,10.0,9.1,19.0,8.0,6.0,48.0
99.0,0.0,9.9,18.0,10.0,14.0,26.0
97.0,9.14,9.7,19.0,7.0,7.0,36.0
69.0,6.54,9.2,11.0,2.0,3.0,18.0
89.0,10.0,8.1,19.0,9.0,9.0,45.0
86.0,8.3,6.4,18.0,9.0,9.0,36.0
91.0,8.33,8.3,19.0,8.0,9.0,19.0
87.0,8.39,8.5,17.0,9.0,12.0,23.0
87.0,8.81,6.4,17.0,13.0,15.0,48.0
74.0,7.65,6.3,13.0,8.0,8.0,30.0
100.0,0.0,7.0,20.0,14.0,14.0,38.0
80.0,8.56,8.2,13.0,5.0,4.0,28.0
91.0,9.24,6.5,18.0,12.0,13.0,40.0
81.0,9.65,7.8,15.0,12.0,13.0,17.0
100.0,0.0,9.5,20.0,11.0,10.0,26.0
88.0,8.48,6.5,19.0,12.0,15.0,38.0
76.0,8.42,9.8,15.0,7.0,9.0,30.0
83.0,9.27,7.4,14.0,12.0,15.0,34.0
87.0,8.45,5.5,15.0,10.0,8.0,20.0
86.0,8.15,5.3,18.0,13.0,13.0,28.0
93.0,9.87,6.7,20.0,12.0,12.0,40.0
77.0,8.24,6.3,16.0,11.0,15.0,34.0
77.0,6.63,9.2,16.0,5.0,5.0,14.0
92.0,9.13,8.7,19.0,7.0,10.0,27.0
71.0,8.08,9.4,14.0,5.0,7.0,28.0
68.0,6.58,7.9,14.0,5.0,5.0,24.0
89.0,0.0,7.2,16.0,13.0,13.0,36.0
90.0,9.22,6.4,16.0,13.0,14.0,38.0
87.0,7.29,7.9,18.0,10.0,13.0,37.0
87.0,8.09,8.1,20.0,5.0,5.0,28.0
90.0,8.8,7.0,20.0,11.0,10.0,34.0
92.0,8.38,9.7,16.0,9.0,11.0,27.0
83.0,0.0,8.2,16.0,4.0,2.0,31.0
75.0,8.27,9.2,16.0,9.0,10.0,32.0
80.0,7.78,8.1,19.0,3.0,5.0,11.0
98.0,8.66,6.6,20.0,10.0,11.0,36.0
100.0,0.0,8.7,20.0,12.0,11.0,30.0
57.0,6.15,6.2,13.0,5.0,3.0,22.0
99.0,8.36,8.0,20.0,11.0,13.0,34.0
85.0,0.0,7.0,17.0,11.0,11.0,39.0
96.0,0.0,5.7,19.0,10.0,8.0,40.0
98.0,10.0,7.1,20.0,12.0,14.0,41.0
77.0,8.44,6.6,18.0,6.0,8.0,37.0
74.0,7.4,5.6,12.0,8.0,6.0,19.0
93.0,10.0,9.1,20.0,9.0,14.0,46.0
96.0,9.49,7.5,20.0,8.0,7.0,49.0
80.0,7.93,6.7,19.0,10.0,12.0,29.0
93.0,9.1,7.5,20.0,8.0,12.0,32.0
100.0,9.26,8.8,18.0,10.0,12.0,37.0
82.0,8.09,5.1,18.0,12.0,13.0,38.0
92.0,9.0,7.7,20.0,8.0,5.0,33.0
93.0,8.06,7.4,18.0,11.0,15.0,42.0
85.0,9.89,9.5,18.0,11.0,13.0,35.0
88.0,9.84,7.8,17.0,14.0,11.0,43.0
100.0,10.0,5.7,19.0,13.0,15.0,38.0
95.0,9.91,6.9,18.0,11.0,11.0,40.0
97.0,9.15,8.1,20.0,12.0,11.0,41.0
87.0,0.0,5.2,16.0,12.0,11.0,32.0
94.0,9.06,9.4,17.0,11.0,11.0,39.0
90.0,9.9,5.3,16.0,15.0,15.0,43.0
91.0,8.95,5.2,19.0,9.0,8.0,50.0
77.0,0.0,5.0,12.0,8.0,8.0,33.0
85.0,9.13,8.4,13.0,7.0,14.0,34.0
96.0,8.61,7.3,20.0,14.0,15.0,35.0
89.0,8.25,5.5,16.0,13.0,15.0,40.0
71.0,7.13,9.3,14.0,2.0,0.0,25.0
89.0,8.58,6.0,20.0,11.0,8.0,36.0
89.0,8.72,6.6,15.0,10.0,13.0,31.0
85.0,8.43,5.9,14.0,4.0,6.0,27.0
85.0,9.12,9.6,16.0,10.0,13.0,28.0
99.0,10.0,8.8,20.0,9.0,9.0,35.0
84.0,8.2,8.6,17.0,9.0,12.0,22.0
100.0,0.0,5.2,20.0,11.0,6.0,43.0
84.0,8.62,7.6,16.0,11.0,12.0,30.0
97.0,9.69,7.9,20.0,14.0,15.0,39.0
84.0,7.6,6.9,20.0,9.0,8.0,18.0
86.0,9.09,6.6,20.0,11.0,13.0,39.0
90.0,8.72,9.3,18.0,9.0,9.0,28.0
100.0,9.52,5.1,20.0,11.0,11.0,48.0
90.0,9.38,8.1,20.0,11.0,10.0,40.0
93.0,7.88,7.0,19.0,9.0,12.0,21.0
88.0,9.3,8.3,13.0,8.0,7.0,29.0
94.0,0.0,6.0,18.0,9.0,8.0,47.0
82.0,8.38,6.2,16.0,12.0,10.0,34.0
88.0,0.0,7.9,18.0,6.0,5.0,40.0
88.0,7.64,9.9,17.0,11.0,11.0,30.0
99.0,9.6,9.9,19.0,10.0,11.0,34.0
86.0,8.38,6.2,20.0,12.0,10.0,36.0
79.0,8.59,5.5,18.0,12.0,13.0,38.0
81.0,7.46,8.0,12.0,13.0,14.0,35.0
78.0,7.41,7.1,15.0,8.0,6.0,27.0
78.0,8.64,8.8,17.0,7.0,7.0,25.0
88.0,7.82,7.6,20.0,8.0,8.0,20.0
94.0,8.28,7.6,18.0,13.0,13.0,36.0
76.0,8.43,8.2,15.0,4.0,3.0,23.0
94.0,10.0,5.6,19.0,12.0,12.0,40.0
67.0,8.11,8.4,15.0,7.0,7.0,19.0
91.0,8.22,7.4,15.0,10.0,14.0,33.0
100.0,10.0,9.1,16.0,12.0,12.0,28.0
87.0,8.22,5.7,20.0,9.0,12.0,39.0
78.0,7.71,6.5,14.0,8.0,11.0,18.0
86.0,8.41,9.8,20.0,7.0,4.0,23.0
81.0,0.0,7.8,14.0,4.0,3.0,14.0
83.0,8.7,9.6,16.0,9.0,12.0,26.0
88.0,8.47,8.4,18.0,9.0,9.0,26.0
86.0,8.08,9.6,13.0,8.0,8.0,25.0
78.0,8.97,6.6,20.0,8.0,10.0,43.0
84.0,8.83,5.5,16.0,11.0,13.0,44.0
73.0,7.86,9.0,13.0,5.0,5.0,25.0
96.0,8.38,9.0,17.0,11.0,10.0,39.0
68.0,7.23,8.1,14.0,7.0,2.0,19.0
92.0,9.7,7.9,19.0,15.0,15.0,31.0
76.0,7.27,9.6,13.0,8.0,7.0,16.0
98.0,10.0,5.9,17.0,13.0,11.0,33.0
99.0,9.33,8.1,20.0,9.0,9.0,35.0
87.0,9.1,5.2,16.0,12.0,11.0,32.0
85.0,0.0,5.7,14.0,12.0,12.0,34.0
89.0,8.94,7.2,18.0,10.0,9.0,33.0
91.0,8.28,9.1,17.0,7.0,8.0,23.0
71.0,7.26,8.7,18.0,8.0,8.0,19.0
81.0,8.81,9.9,15.0,8.0,11.0,27.0
87.0,9.62,5.2,17.0,15.0,14.0,38.0
75.0,7.98,6.9,15.0,7.0,11.0,14.0
93.0,8.4,5.8,17.0,11.0,13.0,39.0
97.0,9.7,5.2,20.0,11.0,14.0,50.0
83.0,9.39,6.3,15.0,10.0,11.0,37.0
75.0,7.86,6.2,15.0,9.0,8.0,39.0
77.0,8.12,7.1,16.0,7.0,6.0,23.0
88.0,8.75,5.7,20.0,12.0,15.0,33.0
73.0,7.54,7.4,13.0,7.0,9.0,26.0
83.0,8.41,9.6,15.0,8.0,6.0,27.0
88.0,0.0,8.7,20.0,7.0,9.0,39.0
80.0,7.25,9.2,15.0,7.0,5.0,9.0
73.0,0.0,9.0,14.0,4.0,5.0,14.0
97.0,9.94,6.9,20.0,15.0,15.0,47.0
91.0,9.03,8.5,18.0,10.0,13.0,26.0
93.0,10.0,8.8,18.0,11.0,11.0,41.0
83.0,8.87,6.0,16.0,14.0,14.0,40.0
75.0,8.19,9.3,14.0,8.0,8.0,24.0
73.0,8.37,7.3,16.0,11.0,13.0,30.0
81.0,8.3,5.1,14.0,8.0,10.0,33.0
76.0,8.11,8.2,17.0,8.0,8.0,13.0
90.0,7.78,8.4,18.0,10.0,6.0,32.0
69.0,7.01,7.8,14.0,2.0,0.0,13.0
90.0,8.57,6.1,20.0,15.0,15.0,33.0
95.0,0.0,7.4,16.0,10.0,8.0,42.0
85.0,9.35,7.0,17.0,8.0,7.0,37.0
94.0,0.0,9.9,20.0,3.0,3.0,34.0
72.0,7.95,9.1,13.0,7.0,11.0,19.0
80.0,8.5,8.8,18.0,5.0,5.0,34.0
93.0,9.44,5.9,18.0,10.0,11.0,37.0
89.0,8.51,6.7,18.0,12.0,13.0,35.0
83.0,8.14,6.9,16.0,12.0,7.0,39.0
94.0,9.05,7.5,19.0,9.0,8.0,28.0
93.0,8.57,5.2,19.0,11.0,9.0,48.0
95.0,8.91,8.0,19.0,12.0,15.0,40.0
94.0,8.89,6.8,18.0,14.0,10.0,38.0
76.0,0.0,7.8,14.0,7.0,6.0,21.0
92.0,8.7,5.0,19.0,15.0,14.0,50.0
85.0,8.05,6.6,17.0,9.0,7.0,23.0
73.0,6.85,8.8,13.0,4.0,4.0,20.0
95.0,0.0,7.5,20.0,12.0,12.0,41.0
96.0,9.28,8.9,18.0,12.0,12.0,31.0
95.0,7.46,8.5,20.0,9.0,10.0,31.0
94.0,8.94,9.3,20.0,8.0,8.0,34.0
93.0,9.24,5.0,20.0,9.0,10.0,40.0
80.0,7.84,6.3,19.0,7.0,9.0,28.0
92.0,9.57,7.7,20.0,12.0,9.0,45.0
85.0,7.62,9.7,17.0,7.0,8.0,14.0
92.0,7.92,8.4,15.0,11.0,9.0,27.0
78.0,0.0,7.3,14.0,9.0,8.0,26.0
93.0,10.0,5.7,17.0,15.0,15.0,46.0
63.0,7.13,7.5,15.0,6.0,7.0,14.0
81.0,6.79,7.2,17.0,8.0,9.0,27.0
81.0,6.42,8.9,15.0,5.0,3.0,16.0
70.0,6.76,7.1,10.0,0.0,3.0,19.0
74.0,8.09,6.6,19.0,8.0,7.0,34.0
86.0,8.82,5.4,18.0,10.0,9.0,41.0
82.0,8.04,5.2,18.0,10.0,7.0,36.0
78.0,7.47,7.2,15.0,7.0,4.0,20.0
91.0,10.0,6.7,18.0,14.0,11.0,40.0
95.0,9.36,7.8,18.0,9.0,10.0,43.0
99.0,9.88,8.6,20.0,13.0,14.0,29.0
95.0,9.0,5.2,20.0,10.0,8.0,33.0
87.0,8.44,7.5,15.0,8.0,6.0,37.0
63.0,7.21,9.3,13.0,4.0,4.0,10.0
93.0,9.22,7.3,19.0,12.0,12.0,42.0
90.0,8.36,7.6,18.0,13.0,14.0,33.0
96.0,9.7,7.4,20.0,11.0,9.0,47.0
93.0,8.95,6.9,15.0,10.0,10.0,36.0
94.0,9.85,5.6,20.0,11.0,14.0,46.0
74.0,7.75,5.6,12.0,6.0,4.0,23.0
94.0,0.0,5.9,17.0,13.0,13.0,50.0
86.0,9.3,9.0,16.0,9.0,10.0,26.0
89.0,9.24,6.4,17.0,10.0,8.0,38.0
98.0,9.55,9.7,20.0,12.0,13.0,38.0
83.0,9.51,9.1,17.0,9.0,6.0,34.0
92.0,10.0,8.4,19.0,8.0,9.0,34.0
79.0,8.25,8.6,13.0,7.0,7.0,14.0
91.0,8.73,5.2,18.0,9.0,6.0,32.0
68.0,7.85,7.8,14.0,7.0,8.0,29.0
88.0,7.66,9.7,20.0,7.0,5.0,19.0
77.0,8.03,5.2,16.0,12.0,12.0,34.0
93.0,0.0,6.5,19.0,11.0,12.0,41.0
83.0,7.55,5.3,20.0,8.0,6.0,29.0
83.0,8.08,7.8,14.0,5.0,4.0,31.0
82.0,8.93,5.6,16.0,11.0,13.0,39.0
69.0,7.07,7.4,12.0,4.0,0.0,32.0
76.0,7.48,8.6,18.0,7.0,10.0,25.0
100.0,9.99,5.8,20.0,12.0,9.0,42.0
91.0,8.56,8.8,20.0,9.0,8.0,28.0
93.0,9.5,5.3,20.0,15.0,15.0,46.0
65.0,7.86,5.7,14.0,8.0,9.0,20.0
86.0,8.76,6.4,16.0,7.0,8.0,28.0
88.0,8.45,9.0,19.0,8.0,8.0,33.0
84.0,8.72,9.3,14.0,8.0,7.0,32.0
87.0,0.0,6.1,15.0,11.0,14.0,32.0
87.0,8.18,5.5,17.0,10.0,12.0,39.0
94.0,9.53,9.2,20.0,15.0,15.0,38.0
100.0,9.32,8.2,19.0,11.0,10.0,30.0
97.0,0.0,5.8,19.0,12.0,7.0,37.0
78.0,7.42,7.8,16.0,2.0,4.0,26.0
64.0,6.74,9.4,15.0,5.0,6.0,14.0
87.0,9.26,5.3,20.0,15.0,15.0,42.0
91.0,9.0,5.4,16.0,15.0,14.0,42.0
94.0,8.02,6.4,19.0,9.0,8.0,27.0
93.0,8.42,8.3,19.0,14.0,13.0,35.0
93.0,8.44,5.9,19.0,12.0,12.0,38.0
72.0,6.8,9.1,16.0,5.0,3.0,24.0
92.0,8.46,8.8,20.0,9.0,11.0,30.0
88.0,8.33,7.8,18.0,9.0,13.0,42.0
83.0,7.76,5.6,19.0,4.0,3.0,27.0
93.0,9.58,9.9,20.0,11.0,8.0,30.0
93.0,9.37,7.5,20.0,10.0,10.0,33.0
70.0,6.94,7.3,13.0,5.0,6.0,11.0
74.0,8.11,10.0,16.0,6.0,7.0,25.0
86.0,7.86,9.3,20.0,8.0,11.0,31.0
82.0,9.43,7.3,15.0,10.0,12.0,34.0
72.0,8.37,7.1,15.0,11.0,7.0,35.0
76.0,8.1,5.5,18.0,10.0,8.0,29.0
85.0,8.57,9.6,18.0,9.0,10.0,30.0
77.0,7.69,9.2,15.0,7.0,6.0,24.0
93.0,8.8,6.6,20.0,10.0,13.0,26.0
87.0,9.08,8.8,16.0,7.0,5.0,21.0
89.0,9.12,8.8,14.0,10.0,12.0,23.0
89.0,8.35,6.1,16.0,12.0,11.0,41.0
100.0,9.14,8.1,20.0,12.0,13.0,37.0
84.0,8.8,6.3,18.0,10.0,8.0,39.0
86.0,9.1,8.9,17.0,8.0,9.0,29.0
92.0,9.29,5.8,20.0,14.0,15.0,33.0
88.0,8.93,8.3,18.0,6.0,7.0,31.0
100.0,9.41,6.6,20.0,10.0,14.0,36.0
89.0,8.67,5.2,19.0,8.0,7.0,39.0
89.0,8.67,5.6,17.0,10.0,10.0,37.0
79.0,8.41,8.3,17.0,9.0,11.0,23.0
88.0,8.19,6.2,16.0,14.0,12.0,39.0
83.0,7.19,8.2,14.0,10.0,10.0,16.0
90.0,8.6,7.1,16.0,9.0,10.0,48.0
85.0,10.0,8.5,17.0,10.0,12.0,34.0
86.0,8.01,7.5,16.0,7.0,9.0,31.0
83.0,8.32,6.5,15.0,13.0,11.0,36.0
90.0,9.45,5.7,18.0,15.0,15.0,39.0
96.0,9.61,6.7,19.0,12.0,9.0,38.0
95.0,9.6,8.2,16.0,10.0,9.0,43.0
90.0,9.41,8.7,13.0,2.0,2.0,29.0
99.0,8.98,5.8,20.0,10.0,12.0,46.0
88.0,8.79,8.3,18.0,7.0,8.0,37.0
87.0,9.13,5.9,15.0,7.0,7.0,30.0
97.0,9.06,6.1,20.0,15.0,15.0,40.0
84.0,8.2,7.7,18.0,7.0,8.0,25.0
97.0,8.79,6.4,19.0,10.0,11.0,46.0
87.0,8.71,8.3,20.0,8.0,7.0,42.0
75.0,6.99,9.8,18.0,10.0,8.0,20.0
98.0,9.53,5.7,19.0,12.0,12.0,49.0
90.0,9.04,7.9,17.0,13.0,11.0,32.0
88.0,7.86,9.6,15.0,7.0,8.0,19.0
89.0,8.17,5.9,20.0,6.0,9.0,33.0
83.0,8.58,6.8,17.0,11.0,12.0,28.0
95.0,10.0,5.6,20.0,13.0,9.0,38.0
93.0,8.61,8.2,14.0,9.0,8.0,27.0
83.0,9.02,8.3,18.0,13.0,13.0,40.0
86.0,0.0,8.3,16.0,8.0,5.0,25.0
85.0,8.39,7.7,18.0,8.0,8.0,37.0
89.0,9.44,8.7,19.0,9.0,10.0,36.0
76.0,7.63,5.2,15.0,9.0,12.0,25.0
81.0,7.25,9.8,15.0,7.0,11.0,22.0
85.0,0.0,6.1,18.0,11.0,9.0,42.0
68.0,6.92,5.6,12.0,3.0,3.0,5.0
87.0,8.89,9.7,20.0,9.0,9.0,33.0
89.0,10.0,9.2,16.0,9.0,8.0,38.0
77.0,7.26,8.8,15.0,8.0,8.0,20.0
91.0,9.21,5.5,17.0,9.0,9.0,44.0
96.0,9.7,9.0,20.0,14.0,15.0,34.0
83.0,0.0,8.0,15.0,12.0,15.0,27.0
84.0,0.0,8.7,15.0,7.0,7.0,22.0
98.0,8.8,9.9,20.0,9.0,8.0,27.0
72.0,7.49,6.0,16.0,5.0,3.0,24.0
92.0,0.0,7.5,19.0,12.0,15.0,39.0
75.0,6.7,8.8,16.0,9.0,11.0,23.0
79.0,9.47,7.2,16.0,12.0,13.0,29.0
88.0,7.82,5.3,17.0,9.0,9.0,32.0
77.0,7.33,5.6,17.0,12.0,15.0,40.0
72.0,0.0,8.0,13.0,9.0,9.0,28.0
84.0,9.79,6.4,20.0,11.0,8.0,40.0
76.0,6.83,5.7,15.0,8.0,9.0,17.0
81.0,0.0,6.7,18.0,12.0,10.0,40.0
69.0,6.22,6.0,17.0,8.0,9.0,18.0
84.0,0.0,5.1,18.0,14.0,15.0,40.0
92.0,8.5,5.8,17.0,15.0,12.0,38.0
77.0,7.03,9.4,18.0,6.0,4.0,19.0
79.0,8.91,5.1,19.0,10.0,12.0,29.0
84.0,0.0,8.9,13.0,11.0,10.0,30.0
81.0,8.38,8.8,16.0,12.0,13.0,31.0
97.0,10.0,7.8,20.0,11.0,12.0,46.0
84.0,8.57,6.0,16.0,11.0,13.0,45.0
86.0,9.28,9.4,15.0,7.0,6.0,26.0
91.0,8.48,7.4,16.0,10.0,5.0,30.0
91.0,9.14,5.9,15.0,13.0,14.0,42.0
86.0,7.74,7.1,19.0,6.0,3.0,17.0
69.0,6.06,6.0,17.0,8.0,10.0,21.0
93.0,10.0,6.9,20.0,11.0,11.0,36.0
96.0,10.0,7.5,19.0,12.0,11.0,45.0
95.0,9.54,6.8,20.0,15.0,15.0,38.0
91.0,8.95,8.3,20.0,10.0,7.0,35.0
69.0,7.51,9.7,13.0,1.0,1.0,12.0
90.0,9.96,6.7,16.0,12.0,13.0,38.0
61.0,0.0,6.8,11.0,3.0,4.0,17.0
95.0,8.74,8.7,19.0,12.0,11.0,37.0
100.0,9.33,7.7,19.0,13.0,12.0,39.0
95.0,8.08,7.1,20.0,7.0,10.0,30.0
95.0,9.11,9.1,16.0,13.0,15.0,47.0
83.0,8.79,9.5,16.0,11.0,10.0,22.0
78.0,6.83,8.0,16.0,7.0,10.0,18.0
72.0,6.25,5.9,15.0,7.0,9.0,18.0
83.0,8.85,7.3,15.0,9.0,10.0,34.0
84.0,7.87,7.5,18.0,7.0,8.0,24.0
94.0,9.02,7.2,19.0,11.0,9.0,38.0
85.0,8.35,6.3,13.0,13.0,15.0,46.0
83.0,0.0,7.4,18.0,11.0,13.0,20.0
82.0,8.01,7.2,16.0,6.0,6.0,24.0
81.0,9.11,6.0,15.0,10.0,10.0,33.0
71.0,7.31,9.5,13.0,3.0,3.0,26.0
92.0,9.37,9.4,16.0,11.0,10.0,39.0
79.0,7.43,8.8,16.0,6.0,7.0,22.0
85.0,0.0,7.0,18.0,11.0,9.0,38.0
91.0,9.79,6.9,19.0,15.0,15.0,34.0
86.0,8.41,8.6,19.0,9.0,9.0,13.0
87.0,8.67,8.0,19.0,10.0,11.0,30.0
98.0,9.45,8.0,16.0,13.0,15.0,36.0
87.0,9.03,5.6,16.0,15.0,15.0,39.0
80.0,8.65,8.1,18.0,5.0,6.0,12.0
94.0,8.62,9.5,16.0,8.0,4.0,23.0
80.0,0.0,5.4,11.0,8.0,9.0,20.0
81.0,0.0,6.7,20.0,8.0,8.0,35.0
79.0,8.2,7.5,16.0,8.0,9.0,32.0
82.0,7.14,8.4,15.0,3.0,2.0,14.0
90.0,9.85,5.4,16.0,15.0,15.0,42.0
95.0,8.91,9.4,20.0,8.0,9.0,28.0
80.0,0.0,5.2,17.0,10.0,9.0,42.0
91.0,0.0,9.3,19.0,10.0,9.0,30.0
95.0,9.75,5.1,19.0,14.0,15.0,41.0
56.0,5.88,5.8,9.0,0.0,0.0,12.0
76.0,8.2,9.0,15.0,9.0,9.0,18.0
97.0,10.0,9.3,20.0,11.0,11.0,40.0
90.0,9.28,9.9,17.0,11.0,13.0,32.0
81.0,7.72,5.6,17.0,5.0,6.0,23.0
87.0,10.0,7.6,17.0,13.0,11.0,40.0
91.0,9.27,5.4,20.0,14.0,12.0,30.0
74.0,7.87,5.8,13.0,9.0,9.0,39.0
69.0,7.05,5.9,14.0,5.0,4.0,11.0
84.0,9.41,5.3,18.0,10.0,6.0,48.0
95.0,9.0,9.5,18.0,9.0,8.0,27.0
70.0,7.65,5.6,15.0,9.0,8.0,24.0
81.0,8.14,8.1,16.0,9.0,8.0,30.0
72.0,0.0,8.1,14.0,8.0,9.0,24.0
93.0,9.14,6.0,17.0,10.0,6.0,37.0
68.0,0.0,10.0,16.0,3.0,1.0,13.0
93.0,9.61,6.7,17.0,11.0,13.0,43.0
100.0,9.01,9.5,20.0,12.0,11.0,40.0
89.0,8.69,9.7,16.0,9.0,7.0,28.0
94.0,9.14,9.7,19.0,12.0,11.0,37.0
67.0,7.38,8.8,15.0,6.0,7.0,16.0
81.0,7.74,6.3,16.0,9.0,8.0,33.0
87.0,9.53,5.6,11.0,13.0,12.0,36.0
84.0,8.18,7.8,14.0,7.0,8.0,37.0
97.0,0.0,6.8,15.0,12.0,13.0,35.0
86.0,0.0,9.2,17.0,9.0,6.0,17.0
73.0,8.18,8.7,15.0,3.0,3.0,13.0
61.0,6.68,6.4,11.0,6.0,3.0,15.0
100.0,8.27,5.1,19.0,12.0,14.0,47.0
90.0,8.57,6.2,18.0,11.0,13.0,41.0
79.0,7.58,7.8,13.0,5.0,4.0,25.0
88.0,7.98,5.4,20.0,11.0,13.0,30.0
82.0,8.39,8.3,17.0,7.0,5.0,41.0
83.0,7.68,8.4,15.0,8.0,8.0,29.0
82.0,6.89,5.8,16.0,9.0,8.0,35.0
93.0,8.4,8.0,18.0,13.0,13.0,37.0
94.0,8.87,8.0,16.0,12.0,12.0,30.0
99.0,8.78,7.4,20.0,13.0,13.0,43.0
88.0,9.24,9.8,20.0,9.0,9.0,39.0
82.0,7.96,5.5,17.0,8.0,8.0,39.0
76.0,0.0,7.0,17.0,10.0,13.0,33.0
87.0,9.46,9.4,20.0,7.0,3.0,32.0
97.0,9.32,6.9,16.0,14.0,15.0,43.0
92.0,9.25,7.1,19.0,15.0,14.0,47.0
76.0,6.92,8.3,13.0,7.0,7.0,15.0
82.0,8.06,8.3,20.0,10.0,13.0,32.0
77.0,6.66,5.1,16.0,7.0,8.0,20.0
98.0,8.35,7.3,18.0,10.0,11.0,36.0
87.0,7.56,6.7,17.0,9.0,11.0,16.0
82.0,9.19,8.1,19.0,7.0,7.0,24.0
81.0,8.86,7.8,17.0,8.0,10.0,34.0
71.0,5.37,8.3,15.0,5.0,2.0,13.0
82.0,7.95,8.3,19.0,10.0,11.0,25.0
68.0,6.5,6.3,16.0,4.0,5.0,16.0
77.0,0.0,6.2,18.0,11.0,13.0,26.0
99.0,0.0,6.9,20.0,14.0,15.0,43.0
88.0,0.0,6.2,13.0,13.0,13.0,39.0
98.0,9.58,8.4,20.0,12.0,11.0,45.0
89.0,8.64,8.0,16.0,9.0,8.0,39.0
88.0,8.23,6.1,19.0,11.0,10.0,34.0
83.0,7.94,9.4,13.0,6.0,3.0,26.0
75.0,7.23,7.3,17.0,5.0,8.0,9.0
83.0,0.0,5.6,17.0,10.0,12.0,28.0
85.0,8.49,6.1,18.0,14.0,15.0,35.0
87.0,8.33,7.7,19.0,10.0,12.0,32.0
95.0,9.28,6.7,19.0,11.0,13.0,45.0
86.0,9.43,9.3,17.0,8.0,6.0,28.0
77.0,7.66,7.5,18.0,6.0,7.0,26.0
77.0,9.19,9.6,17.0,8.0,11.0,30.0
87.0,8.68,5.5,19.0,14.0,13.0,49.0
85.0,9.28,8.3,17.0,9.0,6.0,41.0
92.0,9.35,9.4,19.0,8.0,6.0,32.0
91.0,8.58,6.5,18.0,11.0,11.0,43.0
75.0,7.41,5.7,12.0,6.0,4.0,28.0
84.0,8.93,7.3,14.0,11.0,11.0,36.0
68.0,7.56,9.8,13.0,5.0,4.0,21.0
99.0,9.61,8.2,16.0,10.0,10.0,33.0
97.0,9.52,8.2,19.0,10.0,9.0,35.0
96.0,8.66,8.4,17.0,10.0,10.0,33.0
78.0,8.59,5.2,15.0,6.0,7.0,25.0
89.0,8.93,7.2,18.0,8.0,6.0,32.0
99.0,7.58,5.4,16.0,15.0,15.0,42.0
87.0,8.87,6.6,18.0,13.0,11.0,34.0
79.0,8.14,9.1,15.0,9.0,9.0,24.0
80.0,8.66,8.3,11.0,10.0,10.0,27.0
81.0,7.59,10.0,15.0,10.0,11.0,22.0
72.0,8.17,5.9,15.0,6.0,6.0,31.0
94.0,9.72,7.0,18.0,10.0,12.0,44.0
88.0,9.15,9.0,17.0,12.0,12.0,43.0
75.0,7.23,6.1,15.0,4.0,3.0,31.0
77.0,8.07,5.8,14.0,10.0,12.0,30.0
87.0,9.24,7.1,17.0,11.0,12.0,41.0
99.0,8.91,6.9,17.0,13.0,15.0,43.0
75.0,0.0,9.9,14.0,3.0,3.0,16.0
90.0,8.65,7.3,20.0,12.0,9.0,38.0
93.0,9.12,9.3,19.0,8.0,12.0,33.0
73.0,8.59,9.4,15.0,7.0,6.0,23.0
89.0,9.1,5.8,17.0,11.0,9.0,34.0
88.0,0.0,8.6,17.0,11.0,12.0,32.0
81.0,9.35,6.4,16.0,9.0,7.0,39.0
81.0,8.46,5.5,18.0,9.0,8.0,34.0
96.0,8.55,9.4,20.0,13.0,13.0,31.0
89.0,9.06,6.5,17.0,12.0,12.0,40.0
94.0,8.87,6.7,19.0,12.0,11.0,28.0
64.0,6.4,6.6,12.0,3.0,6.0,9.0
80.0,7.65,6.0,18.0,7.0,7.0,27.0
84.0,8.63,7.2,18.0,10.0,8.0,37.0
93.0,8.78,7.1,18.0,13.0,15.0,43.0
81.0,6.57,7.0,18.0,4.0,3.0,26.0
87.0,9.63,9.6,18.0,9.0,9.0,24.0
97.0,8.38,6.7,18.0,9.0,7.0,35.0
93.0,9.45,5.2,19.0,11.0,11.0,50.0
78.0,8.01,5.9,15.0,10.0,10.0,23.0
96.0,9.7,8.6,17.0,13.0,13.0,29.0
82.0,8.93,8.0,16.0,10.0,10.0,34.0
91.0,8.67,9.8,20.0,5.0,7.0,31.0
90.0,8.36,8.5,20.0,10.0,11.0,43.0
91.0,8.33,6.0,20.0,10.0,8.0,37.0
72.0,7.86,5.6,16.0,8.0,7.0,17.0
95.0,9.61,7.6,19.0,11.0,13.0,36.0
92.0,8.27,8.3,17.0,10.0,8.0,22.0
87.0,7.8,5.8,19.0,12.0,13.0,36.0
66.0,7.28,8.0,10.0,6.0,8.0,21.0
86.0,7.55,9.3,16.0,11.0,8.0,31.0
93.0,9.11,8.6,20.0,11.0,10.0,33.0
78.0,9.66,8.3,15.0,15.0,15.0,27.0
86.0,8.75,8.9,18.0,8.0,8.0,16.0
89.0,9.05,5.5,17.0,13.0,12.0,37.0
94.0,10.0,6.0,20.0,15.0,15.0,50.0
99.0,8.21,5.2,17.0,13.0,15.0,41.0
83.0,8.3,5.7,19.0,9.0,8.0,33.0
82.0,7.94,9.6,14.0,10.0,14.0,25.0
75.0,7.6,6.1,12.0,11.0,7.0,22.0
80.0,8.87,8.3,18.0,10.0,7.0,28.0
73.0,8.64,8.5,15.0,11.0,10.0,22.0
93.0,9.22,8.2,18.0,11.0,10.0,42.0
100.0,9.44,7.8,20.0,14.0,13.0,41.0
95.0,9.73,7.4,20.0,15.0,14.0,38.0
84.0,7.58,7.1,16.0,9.0,8.0,33.0
81.0,8.64,9.6,16.0,10.0,10.0,40.0
95.0,8.53,5.0,20.0,14.0,13.0,43.0
97.0,9.66,5.3,17.0,13.0,14.0,41.0
88.0,8.66,7.5,20.0,8.0,8.0,24.0
85.0,7.82,6.7,16.0,11.0,11.0,18.0
79.0,0.0,7.0,14.0,7.0,7.0,25.0
99.0,8.77,10.0,20.0,9.0,11.0,28.0
85.0,8.97,8.9,18.0,9.0,8.0,34.0
86.0,8.89,9.4,14.0,11.0,8.0,29.0
88.0,8.62,6.8,17.0,6.0,4.0,32.0
62.0,6.29,6.2,10.0,7.0,7.0,21.0
99.0,8.57,8.8,20.0,10.0,11.0,28.0
95.0,9.41,9.0,20.0,14.0,15.0,40.0
80.0,8.5,7.7,17.0,9.0,12.0,28.0
85.0,9.47,9.5,15.0,12.0,13.0,28.0
79.0,8.28,9.8,18.0,8.0,6.0,31.0
95.0,9.76,7.4,19.0,12.0,12.0,42.0
91.0,0.0,6.1,18.0,12.0,8.0,41.0
87.0,9.26,7.6,16.0,15.0,14.0,32.0
86.0,8.31,9.9,17.0,6.0,5.0,27.0
76.0,8.62,6.5,15.0,10.0,5.0,33.0
90.0,8.25,8.1,13.0,9.0,13.0,43.0
91.0,9.1,8.5,18.0,10.0,9.0,43.0
85.0,8.64,6.1,17.0,12.0,8.0,32.0
73.0,7.88,7.9,15.0,10.0,9.0,22.0
88.0,8.77,6.6,14.0,12.0,15.0,45.0
78.0,7.6,9.3,17.0,10.0,14.0,27.0
82.0,7.24,8.6,16.0,7.0,7.0,23.0
95.0,10.0,9.1,20.0,10.0,10.0,36.0
100.0,0.0,6.0,17.0,11.0,13.0,38.0
76.0,7.73,5.2,13.0,12.0,12.0,33.0
83.0,9.18,9.3,13.0,10.0,11.0,40.0
87.0,8.74,6.9,18.0,8.0,10.0,37.0
82.0,9.61,5.9,16.0,12.0,10.0,40.0
63.0,6.96,5.5,12.0,8.0,11.0,17.0
95.0,0.0,7.6,16.0,10.0,8.0,44.0
99.0,9.17,5.8,17.0,15.0,14.0,50.0
94.0,8.94,7.8,14.0,11.0,11.0,45.0
91.0,8.47,8.6,16.0,14.0,15.0,40.0
78.0,7.64,7.7,14.0,7.0,8.0,27.0
92.0,7.44,9.5,17.0,10.0,10.0,22.0
80.0,8.54,5.8,16.0,9.0,10.0,38.0
87.0,9.41,7.5,19.0,9.0,11.0,37.0
84.0,8.76,5.8,15.0,8.0,8.0,43.0
86.0,9.32,9.4,18.0,7.0,5.0,42.0
90.0,8.31,9.7,20.0,11.0,10.0,34.0
83.0,7.65,7.0,19.0,4.0,6.0,33.0
84.0,7.38,6.5,18.0,10.0,8.0,26.0
75.0,8.3,6.4,15.0,9.0,6.0,23.0
83.0,0.0,9.3,14.0,5.0,4.0,34.0
87.0,8.35,8.4,18.0,7.0,7.0,25.0
75.0,8.55,9.4,14.0,6.0,8.0,17.0
90.0,9.94,5.6,20.0,12.0,9.0,33.0
98.0,9.53,7.4,20.0,15.0,15.0,39.0
100.0,9.72,8.4,20.0,13.0,15.0,36.0
89.0,8.51,9.5,20.0,8.0,6.0,36.0
80.0,0.0,6.9,15.0,7.0,7.0,24.0
82.0,0.0,6.6,16.0,8.0,4.0,43.0
81.0,7.92,9.6,20.0,6.0,8.0,16.0
100.0,9.37,5.2,20.0,12.0,14.0,39.0
98.0,9.16,7.4,20.0,9.0,9.0,32.0
96.0,9.55,7.3,20.0,12.0,9.0,40.0
93.0,9.67,5.7,17.0,11.0,12.0,44.0
83.0,0.0,7.0,18.0,9.0,9.0,28.0
78.0,8.64,8.6,15.0,8.0,2.0,33.0
96.0,10.0,6.8,20.0,11.0,13.0,33.0
92.0,8.22,6.5,20.0,11.0,13.0,17.0
90.0,7.89,8.9,19.0,9.0,12.0,36.0
84.0,7.4,9.9,19.0,8.0,5.0,27.0
96.0,9.58,8.9,18.0,13.0,9.0,36.0
89.0,9.14,9.2,20.0,11.0,10.0,19.0
84.0,10.0,9.7,15.0,14.0,15.0,33.0
100.0,8.81,9.0,20.0,12.0,10.0,40.0
78.0,8.08,9.9,14.0,7.0,4.0,21.0
75.0,8.13,8.7,17.0,6.0,7.0,31.0
93.0,9.58,8.3,20.0,9.0,8.0,40.0
87.0,9.41,8.5,18.0,11.0,12.0,28.0
58.0,6.52,9.5,12.0,3.0,3.0,1.0
86.0,8.05,8.4,17.0,6.0,6.0,34.0
82.0,7.99,8.8,17.0,4.0,4.0,33.0
93.0,9.36,6.1,18.0,15.0,14.0,44.0
68.0,8.07,9.6,17.0,4.0,3.0,28.0
97.0,9.91,7.2,20.0,12.0,10.0,45.0
87.0,8.41,5.8,17.0,15.0,15.0,41.0
96.0,9.38,9.0,19.0,9.0,11.0,43.0
92.0,9.43,6.8,20.0,12.0,11.0,43.0
56.0,6.18,5.9,12.0,8.0,12.0,16.0
81.0,8.58,6.3,19.0,14.0,15.0,33.0
90.0,9.23,5.2,17.0,10.0,11.0,41.0
65.0,6.56,5.5,14.0,6.0,7.0,22.0
81.0,7.04,8.0,15.0,5.0,7.0,17.0
96.0,8.71,9.3,18.0,9.0,8.0,32.0
69.0,7.33,7.2,15.0,8.0,9.0,18.0
90.0,9.76,8.1,16.0,8.0,10.0,37.0
90.0,8.17,9.0,16.0,11.0,10.0,27.0
83.0,9.04,6.8,18.0,11.0,11.0,42.0
76.0,0.0,8.3,14.0,12.0,10.0,31.0
89.0,8.19,6.8,17.0,14.0,13.0,41.0
77.0,7.69,8.2,12.0,6.0,5.0,25.0
92.0,8.5,6.1,16.0,11.0,9.0,34.0
95.0,9.51,9.9,19.0,13.0,13.0,43.0
98.0,7.91,5.4,19.0,14.0,15.0,40.0
62.0,7.64,7.5,14.0,0.0,1.0,15.0
74.0,7.83,6.4,13.0,10.0,8.0,29.0
97.0,9.1,8.0,19.0,15.0,14.0,39.0
86.0,9.34,7.1,17.0,12.0,14.0,50.0
89.0,8.96,6.5,17.0,14.0,13.0,44.0
80.0,7.41,6.3,17.0,11.0,13.0,25.0
72.0,8.43,5.9,12.0,8.0,7.0,35.0
86.0,9.59,8.9,18.0,11.0,12.0,22.0
79.0,7.95,6.1,18.0,9.0,11.0,28.0
79.0,8.9,8.9,14.0,8.0,3.0,24.0
87.0,0.0,7.4,18.0,11.0,13.0,42.0
88.0,8.05,5.4,18.0,11.0,14.0,39.0
81.0,8.23,5.8,17.0,14.0,13.0,38.0
97.0,10.0,9.5,19.0,9.0,10.0,39.0
88.0,8.32,8.0,20.0,12.0,10.0,37.0
84.0,0.0,5.9,20.0,11.0,12.0,34.0
73.0,7.08,8.5,16.0,9.0,14.0,26.0
87.0,9.36,9.1,18.0,12.0,8.0,20.0
91.0,9.32,6.7,18.0,10.0,9.0,28.0
90.0,0.0,7.8,15.0,8.0,10.0,33.0
67.0,8.35,6.5,11.0,6.0,9.0,23.0
80.0,8.82,5.4,14.0,8.0,5.0,39.0
97.0,8.97,7.0,20.0,11.0,10.0,44.0
92.0,8.49,8.8,18.0,10.0,9.0,35.0
84.0,8.88,7.3,20.0,9.0,8.0,32.0
85.0,8.24,7.0,12.0,9.0,9.0,38.0
88.0,9.41,6.8,18.0,10.0,7.0,37.0
84.0,7.74,7.3,18.0,9.0,8.0,28.0
92.0,10.0,6.6,20.0,12.0,10.0,40.0
93.0,8.85,8.1,19.0,10.0,10.0,36.0
88.0,7.81,5.3,18.0,9.0,8.0,35.0
95.0,9.04,9.0,19.0,5.0,5.0,32.0
76.0,7.54,5.9,16.0,10.0,8.0,26.0
92.0,9.58,8.2,18.0,11.0,13.0,36.0
71.0,0.0,7.2,18.0,13.0,12.0,23.0
84.0,9.0,8.9,18.0,10.0,10.0,22.0
87.0,0.0,9.1,18.0,13.0,13.0,20.0
72.0,8.07,6.0,13.0,11.0,11.0,36.0
86.0,8.41,8.4,17.0,10.0,10.0,31.0
97.0,8.85,5.9,20.0,12.0,14.0,38.0
96.0,10.0,5.6,14.0,12.0,11.0,50.0
100.0,10.0,9.7,20.0,13.0,12.0,34.0
76.0,8.75,5.8,15.0,10.0,10.0,32.0
88.0,9.14,6.1,19.0,11.0,10.0,27.0
100.0,10.0,5.7,20.0,15.0,15.0,50.0
78.0,7.75,7.4,19.0,7.0,5.0,21.0
79.0,7.6,9.6,16.0,7.0,9.0,31.0
81.0,7.77,6.3,16.0,10.0,8.0,25.0
65.0,7.3,7.7,15.0,4.0,6.0,17.0
84.0,0.0,7.1,20.0,11.0,11.0,30.0
82.0,8.45,6.7,18.0,11.0,13.0,43.0
93.0,10.0,7.9,20.0,12.0,10.0,43.0
88.0,8.6,7.8,17.0,5.0,1.0,38.0
82.0,8.15,6.8,17.0,10.0,7.0,26.0
87.0,9.62,9.3,20.0,13.0,15.0,29.0
89.0,9.35,5.3,19.0,9.0,8.0,39.0
74.0,6.86,5.4,14.0,6.0,8.0,25.0
91.0,9.34,10.0,18.0,13.0,10.0,30.0
100.0,9.63,8.7,20.0,11.0,11.0,46.0
95.0,8.39,9.0,20.0,10.0,11.0,29.0
79.0,8.56,8.0,14.0,6.0,12.0,21.0
92.0,9.58,7.1,19.0,10.0,9.0,42.0
82.0,0.0,8.1,16.0,10.0,9.0,27.0
91.0,8.07,5.5,18.0,12.0,13.0,34.0
82.0,8.11,8.8,19.0,8.0,6.0,28.0
100.0,9.29,7.7,20.0,13.0,14.0,42.0
88.0,0.0,9.8,16.0,12.0,12.0,30.0
81.0,6.58,8.2,15.0,4.0,2.0,27.0
81.0,8.39,5.8,16.0,9.0,10.0,23.0
84.0,9.67,7.4,15.0,13.0,13.0,33.0
85.0,9.14,5.3,15.0,9.0,11.0,41.0
64.0,6.54,8.7,11.0,4.0,7.0,13.0
82.0,9.09,7.5,15.0,13.0,12.0,33.0
79.0,7.96,6.8,14.0,8.0,7.0,21.0
66.0,6.9,9.8,14.0,7.0,4.0,28.0
88.0,9.41,9.7,14.0,8.0,9.0,31.0
97.0,9.71,9.8,18.0,14.0,13.0,27.0
84.0,8.53,6.1,17.0,8.0,9.0,40.0
88.0,7.65,8.6,20.0,7.0,9.0,18.0
87.0,8.27,9.7,17.0,5.0,4.0,32.0
71.0,8.52,7.9,14.0,5.0,4.0,15.0
82.0,0.0,6.1,16.0,10.0,12.0,43.0
98.0,9.85,9.1,16.0,11.0,12.0,32.0
82.0,8.69,9.4,18.0,5.0,6.0,21.0
94.0,8.42,8.5,20.0,10.0,9.0,34.0
90.0,9.58,6.5,20.0,12.0,9.0,34.0
90.0,9.31,6.0,20.0,10.0,9.0,41.0
97.0,9.81,8.1,17.0,9.0,7.0,25.0
97.0,9.33,7.4,16.0,15.0,15.0,38.0
72.0,7.83,8.3,16.0,6.0,7.0,24.0
92.0,7.89,5.6,18.0,8.0,7.0,50.0
94.0,8.62,5.7,17.0,9.0,8.0,45.0
75.0,8.07,6.8,14.0,9.0,10.0,33.0
84.0,0.0,6.3,16.0,10.0,9.0,23.0
92.0,9.75,8.1,20.0,10.0,9.0,37.0
97.0,0.0,6.8,20.0,15.0,15.0,37.0
79.0,7.76,8.4,13.0,13.0,12.0,19.0
71.0,7.35,8.8,11.0,5.0,6.0,13.0
98.0,0.0,5.9,18.0,13.0,14.0,41.0
84.0,6.72,9.6,15.0,8.0,5.0,19.0
74.0,8.42,8.9,13.0,12.0,11.0,25.0
100.0,0.0,8.1,20.0,10.0,12.0,35.0
89.0,8.96,9.5,17.0,13.0,13.0,32.0
82.0,8.51,6.3,14.0,10.0,7.0,30.0
86.0,9.59,7.1,15.0,12.0,13.0,31.0
69.0,7.59,5.4,17.0,7.0,6.0,18.0
89.0,9.62,7.3,17.0,11.0,12.0,42.0
88.0,8.63,7.5,17.0,12.0,15.0,27.0
81.0,8.84,8.1,13.0,7.0,8.0,30.0
79.0,8.24,5.3,15.0,6.0,7.0,33.0
99.0,10.0,5.2,20.0,14.0,13.0,43.0
82.0,0.0,7.1,18.0,7.0,5.0,23.0
78.0,7.15,5.9,17.0,8.0,10.0,29.0
91.0,9.6,8.8,16.0,11.0,10.0,39.0
85.0,9.44,8.3,15.0,10.0,10.0,35.0
91.0,8.43,6.6,20.0,14.0,15.0,33.0
78.0,8.18,5.2,17.0,10.0,9.0,34.0
88.0,0.0,5.9,17.0,7.0,9.0,36.0
86.0,0.0,8.5,19.0,10.0,11.0,34.0
93.0,9.73,10.0,16.0,13.0,12.0,37.0
79.0,8.43,6.6,13.0,5.0,6.0,26.0
88.0,8.19,9.0,14.0,8.0,7.0,12.0
75.0,7.59,9.3,16.0,7.0,9.0,18.0
98.0,10.0,5.2,20.0,15.0,15.0,50.0
95.0,8.41,9.6,18.0,11.0,11.0,28.0
72.0,8.21,7.3,13.0,9.0,12.0,30.0
78.0,7.64,9.8,20.0,9.0,9.0,24.0
72.0,7.35,7.7,14.0,3.0,5.0,23.0
87.0,9.38,6.2,20.0,11.0,15.0,44.0
83.0,8.08,9.9,16.0,9.0,14.0,37.0
84.0,8.73,6.2,16.0,9.0,9.0,33.0
91.0,8.96,9.4,20.0,11.0,12.0,38.0
80.0,8.53,5.9,18.0,9.0,7.0,31.0
84.0,9.31,8.4,17.0,10.0,12.0,28.0
74.0,7.78,7.1,17.0,8.0,9.0,31.0
84.0,9.38,9.9,20.0,6.0,4.0,32.0
89.0,7.42,5.9,16.0,10.0,12.0,36.0
78.0,8.5,7.0,17.0,7.0,6.0,32.0
82.0,7.9,8.2,16.0,7.0,6.0,32.0
99.0,8.4,9.9,18.0,12.0,13.0,32.0
85.0,8.1,6.5,15.0,10.0,9.0,38.0
73.0,8.38,7.0,18.0,10.0,10.0,26.0
88.0,7.8,7.3,14.0,9.0,12.0,18.0
100.0,10.0,6.3,20.0,12.0,11.0,38.0
97.0,9.13,9.1,18.0,8.0,9.0,34.0
69.0,7.66,5.5,17.0,7.0,6.0,26.0
97.0,8.79,8.5,19.0,10.0,8.0,32.0
77.0,8.07,7.7,15.0,9.0,9.0,21.0
94.0,9.48,6.2,20.0,13.0,15.0,46.0
84.0,8.29,7.5,19.0,11.0,13.0,27.0
97.0,0.0,9.1,20.0,7.0,8.0,36.0
84.0,8.21,7.2,18.0,11.0,10.0,24.0
73.0,6.88,5.6,12.0,4.0,3.0,16.0
87.0,8.87,5.2,19.0,13.0,10.0,31.0
92.0,9.38,8.9,18.0,11.0,15.0,37.0
87.0,8.75,6.7,18.0,8.0,9.0,36.0
100.0,9.85,9.7,20.0,12.0,12.0,36.0
70.0,7.99,8.1,12.0,9.0,9.0,29.0
87.0,8.61,7.2,19.0,12.0,15.0,40.0
100.0,9.73,7.8,20.0,11.0,12.0,44.0
88.0,8.07,7.3,15.0,9.0,9.0,23.0
97.0,8.88,9.5,19.0,11.0,15.0,37.0
96.0,0.0,7.3,19.0,14.0,14.0,48.0
96.0,9.31,5.5,20.0,13.0,10.0,42.0
93.0,8.84,8.0,14.0,8.0,5.0,35.0
79.0,0.0,8.1,17.0,10.0,10.0,27.0
84.0,8.73,8.8,16.0,12.0,13.0,23.0
84.0,9.15,9.7,18.0,8.0,10.0,25.0
75.0,9.06,7.2,15.0,7.0,5.0,25.0
75.0,7.18,6.8,14.0,5.0,5.0,19.0
95.0,9.27,7.5,19.0,13.0,11.0,30.0
91.0,8.05,9.5,19.0,12.0,14.0,28.0
69.0,7.11,9.9,16.0,6.0,9.0,27.0
98.0,9.36,9.9,18.0,9.0,13.0,24.0
83.0,8.72,6.1,16.0,8.0,9.0,36.0
86.0,10.0,7.5,20.0,11.0,15.0,42.0
80.0,8.37,6.3,15.0,6.0,5.0,26.0
84.0,8.78,6.8,18.0,9.0,9.0,32.0
94.0,9.13,5.2,16.0,15.0,13.0,39.0
97.0,9.28,5.8,16.0,12.0,13.0,48.0
93.0,8.16,7.0,17.0,10.0,11.0,26.0
92.0,9.25,6.8,17.0,13.0,8.0,28.0
100.0,9.34,6.4,20.0,13.0,15.0,41.0
99.0,0.0,6.2,20.0,12.0,14.0,33.0
64.0,7.37,8.7,9.0,5.0,4.0,16.0
77.0,7.81,6.5,14.0,10.0,11.0,20.0
89.0,6.9,8.5,19.0,7.0,4.0,18.0
61.0,7.2,6.8,12.0,4.0,2.0,20.0
84.0,8.67,9.0,20.0,11.0,14.0,32.0
80.0,0.0,5.8,17.0,10.0,8.0,21.0
90.0,9.6,5.8,17.0,10.0,10.0,41.0
84.0,8.71,8.4,16.0,11.0,8.0,31.0
69.0,7.36,9.6,14.0,7.0,8.0,6.0
100.0,8.8,5.7,18.0,11.0,12.0,48.0
89.0,9.5,5.4,20.0,7.0,8.0,44.0
62.0,8.14,9.7,14.0,2.0,3.0,12.0
85.0,8.25,5.6,18.0,12.0,15.0,40.0
100.0,0.0,6.3,20.0,15.0,14.0,42.0
86.0,8.66,9.6,15.0,7.0,5.0,30.0
78.0,8.07,9.0,17.0,7.0,6.0,20.0
93.0,10.0,6.7,19.0,7.0,4.0,41.0
79.0,7.88,9.8,20.0,7.0,7.0,16.0
95.0,9.86,7.8,16.0,9.0,9.0,43.0
77.0,8.15,5.4,14.0,13.0,14.0,29.0
83.0,8.25,8.5,13.0,4.0,1.0,28.0
84.0,9.24,7.7,16.0,11.0,11.0,37.0
100.0,10.0,7.9,17.0,8.0,10.0,27.0
98.0,0.0,10.0,20.0,9.0,10.0,33.0
86.0,9.22,5.8,19.0,8.0,4.0,31.0
85.0,8.05,8.3,17.0,14.0,14.0,36.0
89.0,9.05,7.3,16.0,10.0,9.0,31.0
82.0,8.12,6.4,13.0,9.0,9.0,34.0
74.0,8.72,8.5,13.0,9.0,8.0,35.0
77.0,7.59,8.3,17.0,5.0,8.0,24.0
91.0,9.69,9.3,17.0,12.0,12.0,32.0
96.0,8.93,9.4,20.0,12.0,13.0,32.0
88.0,8.2,7.8,20.0,12.0,12.0,34.0
75.0,7.25,6.6,15.0,6.0,7.0,20.0
76.0,8.1,7.6,14.0,9.0,9.0,24.0
85.0,8.81,6.8,16.0,14.0,15.0,44.0
81.0,8.26,6.4,19.0,8.0,7.0,24.0
83.0,9.06,7.8,15.0,13.0,15.0,36.0
97.0,9.57,8.3,20.0,11.0,12.0,34.0
86.0,8.18,8.0,17.0,5.0,5.0,30.0
88.0,10.0,9.8,19.0,9.0,11.0,30.0
100.0,10.0,6.5,18.0,12.0,13.0,36.0
93.0,9.04,6.9,18.0,12.0,14.0,32.0
89.0,9.16,8.3,18.0,13.0,13.0,25.0
79.0,10.0,8.0,15.0,7.0,7.0,37.0
93.0,8.57,5.0,20.0,11.0,11.0,43.0
93.0,9.68,6.6,17.0,11.0,10.0,43.0
89.0,8.35,6.3,17.0,8.0,10.0,28.0
91.0,9.05,9.2,20.0,8.0,11.0,31.0
85.0,7.98,9.3,19.0,9.0,10.0,30.0
91.0,0.0,6.4,20.0,10.0,13.0,27.0
79.0,7.08,5.5,12.0,8.0,10.0,23.0
60.0,8.57,6.0,12.0,8.0,7.0,34.0
82.0,7.71,5.9,17.0,11.0,13.0,27.0
88.0,9.52,6.2,16.0,15.0,12.0,47.0
76.0,6.87,6.2,16.0,9.0,9.0,20.0
81.0,7.06,7.4,16.0,10.0,8.0,36.0
84.0,7.8,6.6,17.0,11.0,11.0,18.0
92.0,8.7,7.8,20.0,14.0,11.0,37.0
100.0,10.0,6.7,20.0,14.0,15.0,40.0
72.0,6.82,9.1,15.0,3.0,2.0,14.0
98.0,0.0,9.8,20.0,11.0,13.0,34.0
90.0,8.67,7.0,18.0,11.0,11.0,38.0
98.0,9.5,5.2,17.0,14.0,10.0,32.0
91.0,8.91,6.2,15.0,10.0,9.0,40.0
91.0,0.0,5.5,18.0,15.0,14.0,42.0
59.0,5.96,6.7,11.0,5.0,5.0,14.0
88.0,8.48,8.2,14.0,10.0,13.0,27.0
86.0,8.72,7.6,20.0,10.0,13.0,28.0
83.0,0.0,6.2,17.0,5.0,5.0,20.0
64.0,6.73,8.8,16.0,4.0,1.0,15.0
92.0,10.0,5.7,14.0,13.0,12.0,41.0
80.0,7.84,6.1,19.0,12.0,13.0,29.0
80.0,0.0,8.4,15.0,5.0,5.0,36.0
88.0,0.0,6.0,20.0,11.0,8.0,30.0
89.0,8.44,8.4,18.0,10.0,9.0,43.0
97.0,0.0,9.9,20.0,11.0,14.0,38.0
88.0,8.21,9.2,19.0,3.0,4.0,23.0
88.0,9.64,5.8,17.0,13.0,13.0,50.0
97.0,9.7,7.6,18.0,12.0,11.0,37.0
89.0,7.81,7.1,17.0,7.0,6.0,23.0
92.0,10.0,10.0,15.0,10.0,11.0,32.0
87.0,8.39,9.8,16.0,8.0,8.0,26.0
91.0,8.28,5.6,17.0,5.0,7.0,34.0
97.0,10.0,9.5,16.0,11.0,12.0,34.0
74.0,7.49,6.0,16.0,9.0,9.0,26.0
78.0,7.96,6.6,16.0,5.0,6.0,22.0
74.0,7.89,6.8,15.0,8.0,7.0,30.0
82.0,9.44,6.4,18.0,11.0,11.0,36.0
97.0,8.61,9.3,19.0,12.0,15.0,31.0
78.0,8.45,6.6,14.0,9.0,9.0,27.0
100.0,0.0,9.1,20.0,12.0,12.0,31.0
73.0,8.37,10.0,9.0,5.0,5.0,21.0
100.0,7.99,9.2,20.0,13.0,11.0,35.0
74.0,7.94,6.7,16.0,8.0,8.0,37.0
89.0,7.88,8.6,20.0,7.0,10.0,27.0
84.0,8.49,7.7,16.0,8.0,6.0,26.0
91.0,9.6,8.9,14.0,7.0,8.0,31.0
95.0,9.33,5.8,14.0,9.0,9.0,36.0
55.0,7.23,8.2,12.0,3.0,3.0,3.0
83.0,8.25,8.9,16.0,3.0,3.0,33.0
94.0,8.78,8.8,20.0,9.0,10.0,34.0
94.0,8.81,9.8,16.0,7.0,5.0,31.0
84.0,8.7,5.3,17.0,11.0,12.0,39.0
86.0,7.93,6.7,20.0,5.0,5.0,33.0
98.0,9.29,7.4,20.0,13.0,9.0,50.0
82.0,8.98,6.5,13.0,12.0,13.0,39.0
91.0,8.25,6.5,20.0,7.0,7.0,32.0
76.0,0.0,5.9,18.0,8.0,6.0,24.0
90.0,9.17,9.1,18.0,11.0,11.0,28.0
92.0,8.65,9.5,20.0,11.0,8.0,25.0
69.0,7.83,5.4,15.0,4.0,3.0,29.0
93.0,9.03,5.8,20.0,10.0,10.0,42.0
96.0,9.17,6.1,16.0,15.0,12.0,36.0
95.0,9.08,7.5,20.0,8.0,6.0,23.0
78.0,8.07,9.0,19.0,5.0,3.0,14.0
97.0,10.0,5.4,20.0,14.0,14.0,39.0
92.0,9.54,8.2,19.0,9.0,10.0,36.0
68.0,6.93,5.7,13.0,5.0,3.0,16.0
88.0,9.12,9.9,16.0,10.0,8.0,32.0
79.0,7.64,9.5,13.0,4.0,4.0,17.0
94.0,9.45,9.7,20.0,10.0,10.0,41.0
88.0,0.0,5.5,17.0,7.0,6.0,30.0
80.0,8.68,7.4,13.0,7.0,11.0,31.0
59.0,6.88,5.8,14.0,7.0,7.0,14.0
100.0,9.04,8.0,19.0,12.0,12.0,36.0
91.0,7.81,6.2,16.0,12.0,11.0,33.0
98.0,9.17,8.9,19.0,11.0,13.0,28.0
82.0,7.08,8.2,16.0,7.0,8.0,16.0
78.0,8.05,7.9,17.0,5.0,2.0,26.0
85.0,8.93,9.1,15.0,9.0,8.0,28.0
95.0,9.45,7.5,20.0,9.0,8.0,33.0
83.0,8.77,6.3,18.0,9.0,9.0,36.0
92.0,8.42,8.1,17.0,8.0,9.0,28.0
87.0,0.0,9.8,17.0,7.0,5.0,26.0
83.0,8.4,8.0,16.0,6.0,6.0,30.0
91.0,8.81,8.1,18.0,9.0,12.0,34.0
67.0,7.89,9.7,16.0,6.0,6.0,11.0
93.0,10.0,7.6,18.0,15.0,14.0,34.0
91.0,8.96,10.0,19.0,8.0,5.0,30.0
98.0,8.55,5.8,18.0,14.0,13.0,39.0
93.0,9.61,7.7,20.0,10.0,8.0,21.0
79.0,8.22,6.1,16.0,5.0,4.0,31.0
93.0,0.0,7.3,20.0,8.0,9.0,36.0
96.0,9.98,5.9,18.0,13.0,13.0,50.0
94.0,8.65,6.1,20.0,11.0,10.0,37.0
87.0,8.72,6.1,20.0,10.0,6.0,35.0
100.0,8.65,6.6,19.0,12.0,14.0,39.0
89.0,8.59,5.7,18.0,10.0,9.0,36.0
87.0,8.85,9.0,18.0,9.0,9.0,33.0
89.0,8.81,6.1,17.0,6.0,4.0,30.0
100.0,8.85,7.1,20.0,13.0,12.0,30.0
91.0,0.0,5.1,20.0,9.0,8.0,31.0
100.0,8.86,5.5,20.0,15.0,12.0,45.0
88.0,9.2,9.5,17.0,7.0,5.0,17.0
78.0,8.62,9.2,16.0,6.0,6.0,28.0
94.0,9.6,9.2,18.0,9.0,10.0,34.0
89.0,9.6,7.1,17.0,11.0,10.0,33.0
95.0,10.0,5.7,17.0,14.0,12.0,40.0
71.0,6.44,5.5,14.0,5.0,4.0,17.0
62.0,6.68,8.0,13.0,7.0,9.0,23.0
97.0,10.0,9.1,19.0,12.0,10.0,41.0
94.0,9.65,9.5,17.0,10.0,10.0,38.0
82.0,7.65,6.4,16.0,10.0,9.0,32.0
97.0,9.28,6.6,20.0,15.0,15.0,39.0
71.0,8.6,5.5,14.0,9.0,8.0,22.0
79.0,8.52,8.9,20.0,9.0,10.0,23.0
99.0,9.82,6.4,18.0,13.0,15.0,41.0
86.0,0.0,7.4,17.0,7.0,10.0,31.0
92.0,9.36,9.6,20.0,14.0,11.0,36.0
90.0,8.6,8.8,17.0,12.0,9.0,34.0
75.0,6.5,5.3,19.0,9.0,11.0,14.0
83.0,9.83,5.0,17.0,13.0,15.0,39.0
89.0,9.2,8.9,19.0,4.0,3.0,23.0
89.0,7.91,7.8,18.0,7.0,1.0,21.0
82.0,8.46,8.6,18.0,9.0,9.0,17.0
81.0,9.47,5.8,14.0,9.0,6.0,43.0
88.0,0.0,9.4,20.0,7.0,5.0,17.0
97.0,8.96,8.9,20.0,9.0,9.0,29.0
85.0,9.34,9.5,18.0,10.0,11.0,30.0
75.0,7.96,6.7,14.0,11.0,14.0,32.0
80.0,7.73,6.4,17.0,9.0,8.0,21.0
90.0,9.88,5.8,16.0,12.0,10.0,49.0
79.0,7.89,9.7,18.0,7.0,9.0,30.0
63.0,0.0,5.9,10.0,4.0,5.0,13.0
79.0,7.75,5.6,16.0,10.0,9.0,33.0
72.0,7.68,6.0,14.0,8.0,8.0,20.0
96.0,0.0,8.9,16.0,10.0,9.0,38.0
94.0,9.79,9.4,17.0,11.0,12.0,35.0
78.0,8.94,9.1,16.0,9.0,12.0,25.0
79.0,8.0,7.8,14.0,6.0,5.0,27.0
95.0,9.87,10.0,18.0,7.0,8.0,37.0
84.0,7.98,5.3,18.0,7.0,4.0,46.0
99.0,9.78,9.3,20.0,14.0,12.0,31.0
91.0,8.86,7.1,20.0,8.0,9.0,46.0
80.0,6.54,7.3,16.0,10.0,10.0,20.0
85.0,9.52,5.6,17.0,8.0,6.0,41.0
95.0,9.14,5.2,19.0,10.0,10.0,25.0
85.0,8.81,6.6,15.0,10.0,12.0,33.0
90.0,9.4,5.9,19.0,15.0,12.0,39.0
91.0,8.86,7.4,16.0,11.0,14.0,38.0
88.0,8.95,5.7,19.0,12.0,13.0,31.0
83.0,7.45,5.7,17.0,6.0,7.0,26.0
80.0,8.55,9.4,12.0,9.0,9.0,33.0
88.0,8.88,9.6,20.0,10.0,13.0,41.0
81.0,9.18,9.8,15.0,10.0,12.0,40.0
92.0,9.74,8.4,17.0,11.0,10.0,50.0
74.0,6.1,8.9,17.0,6.0,8.0,5.0
98.0,0.0,9.2,19.0,11.0,10.0,31.0
92.0,8.48,8.3,20.0,10.0,9.0,38.0
84.0,8.87,6.7,15.0,9.0,12.0,29.0
94.0,0.0,5.8,20.0,12.0,13.0,45.0
81.0,8.24,6.2,17.0,11.0,12.0,42.0
71.0,6.97,9.2,15.0,8.0,10.0,21.0
90.0,8.26,8.5,18.0,9.0,10.0,18.0
79.0,6.83,7.3,19.0,3.0,1.0,27.0
80.0,8.85,5.1,20.0,10.0,13.0,29.0
71.0,6.55,6.3,10.0,5.0,6.0,15.0
95.0,9.21,8.6,20.0,9.0,10.0,33.0
57.0,6.86,7.6,9.0,5.0,5.0,7.0
94.0,8.57,7.2,20.0,10.0,12.0,34.0
98.0,9.73,6.6,16.0,15.0,15.0,40.0
83.0,8.62,8.0,17.0,9.0,8.0,27.0
100.0,10.0,9.8,18.0,8.0,10.0,35.0
87.0,9.0,9.5,16.0,10.0,10.0,30.0
98.0,8.33,5.2,19.0,15.0,11.0,50.0
100.0,9.2,7.4,19.0,14.0,11.0,43.0
67.0,7.52,6.6,12.0,7.0,8.0,20.0
82.0,0.0,7.6,16.0,11.0,13.0,34.0
85.0,9.71,8.0,17.0,13.0,14.0,38.0
69.0,8.56,6.0,14.0,11.0,13.0,33.0
81.0,8.29,8.9,20.0,6.0,11.0,29.0
91.0,9.19,7.4,16.0,13.0,14.0,37.0
100.0,0.0,10.0,20.0,10.0,9.0,37.0
85.0,9.42,5.1,19.0,10.0,10.0,42.0
95.0,9.81,5.9,18.0,11.0,14.0,26.0
89.0,10.0,8.4,13.0,11.0,8.0,46.0
85.0,9.14,8.5,13.0,8.0,10.0,26.0
92.0,9.63,7.9,14.0,12.0,12.0,41.0
74.0,7.52,9.9,18.0,7.0,5.0,14.0
77.0,8.13,7.1,17.0,9.0,6.0,35.0
83.0,0.0,7.1,18.0,10.0,13.0,22.0
86.0,8.81,9.6,19.0,8.0,6.0,35.0
88.0,8.86,7.7,16.0,9.0,9.0,33.0
90.0,7.64,6.8,20.0,6.0,4.0,33.0
87.0,9.6,8.6,18.0,11.0,15.0,26.0
91.0,9.75,8.1,18.0,12.0,12.0,46.0
87.0,7.76,6.5,20.0,9.0,6.0,31.0
91.0,9.18,6.5,20.0,13.0,12.0,40.0
89.0,8.26,7.0,20.0,7.0,10.0,23.0
100.0,10.0,5.4,20.0,14.0,12.0,43.0
82.0,8.43,9.7,16.0,5.0,4.0,24.0
95.0,10.0,5.9,19.0,14.0,15.0,35.0
94.0,8.15,6.0,17.0,5.0,6.0,32.0
77.0,8.13,8.2,12.0,10.0,8.0,25.0
74.0,7.36,8.6,16.0,8.0,8.0,18.0
100.0,9.15,8.7,20.0,9.0,9.0,39.0
90.0,8.94,6.9,14.0,11.0,11.0,37.0
92.0,8.69,9.4,17.0,7.0,9.0,24.0
95.0,0.0,7.7,19.0,12.0,12.0,44.0
94.0,0.0,7.2,19.0,12.0,12.0,36.0
87.0,9.17,9.1,20.0,8.0,8.0,23.0
100.0,0.0,6.2,19.0,10.0,12.0,42.0
89.0,7.78,9.3,17.0,10.0,9.0,28.0
74.0,8.42,7.7,16.0,12.0,8.0,25.0
91.0,9.67,9.5,17.0,10.0,10.0,13.0
95.0,10.0,6.0,18.0,14.0,15.0,44.0
88.0,8.7,9.7,16.0,9.0,8.0,35.0
79.0,8.86,8.4,16.0,10.0,9.0,32.0
81.0,9.41,8.1,16.0,10.0,9.0,31.0
99.0,9.0,7.1,20.0,12.0,12.0,46.0
96.0,9.54,9.8,20.0,12.0,9.0,24.0
87.0,0.0,7.2,12.0,10.0,11.0,37.0
94.0,9.83,7.5,15.0,11.0,6.0,37.0
93.0,8.6,8.9,18.0,9.0,10.0,23.0
74.0,8.43,6.4,17.0,6.0,7.0,25.0
85.0,9.75,6.5,16.0,13.0,14.0,45.0
92.0,8.96,8.9,19.0,10.0,6.0,34.0
98.0,9.23,5.6,20.0,14.0,15.0,47.0
95.0,9.27,9.1,20.0,10.0,9.0,28.0
91.0,8.58,8.1,17.0,9.0,12.0,28.0
72.0,7.68,7.7,12.0,5.0,6.0,20.0
85.0,7.91,6.1,14.0,14.0,12.0,37.0
59.0,6.64,8.9,18.0,7.0,4.0,13.0
83.0,7.41,9.0,18.0,10.0,9.0,21.0
70.0,7.42,7.4,18.0,4.0,6.0,22.0
91.0,9.4,6.9,17.0,13.0,15.0,44.0
81.0,9.16,6.2,19.0,15.0,15.0,35.0
100.0,9.46,8.8,19.0,13.0,13.0,27.0
71.0,7.27,8.2,14.0,10.0,9.0,23.0
90.0,8.7,6.0,17.0,12.0,12.0,35.0
84.0,8.76,9.0,15.0,6.0,8.0,31.0
92.0,9.03,9.4,17.0,11.0,10.0,32.0
83.0,8.45,5.3,17.0,8.0,9.0,38.0
77.0,7.93,8.9,14.0,6.0,5.0,28.0
100.0,0.0,9.3,20.0,11.0,13.0,33.0
95.0,9.96,10.0,17.0,11.0,12.0,38.0
81.0,9.07,6.2,18.0,12.0,14.0,40.0
73.0,6.61,6.9,14.0,3.0,7.0,17.0
91.0,9.14,9.8,20.0,9.0,4.0,36.0
88.0,8.25,5.5,17.0,11.0,13.0,32.0
72.0,7.42,7.6,14.0,8.0,9.0,21.0
75.0,7.0,7.5,18.0,9.0,10.0,24.0
94.0,8.87,8.0,18.0,12.0,12.0,44.0
86.0,8.17,6.7,16.0,8.0,8.0,36.0
83.0,9.55,9.6,15.0,10.0,11.0,33.0
74.0,6.86,6.4,15.0,5.0,7.0,21.0
85.0,8.54,8.2,16.0,11.0,13.0,31.0
87.0,9.73,7.5,19.0,11.0,11.0,47.0
91.0,7.96,6.3,18.0,9.0,9.0,26.0
82.0,0.0,5.9,18.0,8.0,8.0,29.0
91.0,8.62,9.8,20.0,11.0,10.0,29.0
87.0,7.64,7.8,16.0,10.0,14.0,24.0
80.0,8.91,8.0,15.0,13.0,10.0,36.0
69.0,7.49,8.9,13.0,8.0,9.0,15.0
73.0,0.0,5.4,15.0,7.0,8.0,15.0
88.0,9.53,8.6,18.0,8.0,7.0,33.0
79.0,9.73,5.8,17.0,11.0,12.0,31.0
92.0,8.05,8.7,18.0,8.0,11.0,35.0
84.0,0.0,5.7,15.0,13.0,12.0,31.0
80.0,8.82,9.2,15.0,9.0,12.0,22.0
94.0,0.0,8.4,20.0,10.0,12.0,25.0
65.0,0.0,6.9,12.0,11.0,10.0,25.0
80.0,9.47,6.8,17.0,8.0,6.0,40.0
65.0,6.33,5.7,14.0,7.0,7.0,19.0
80.0,8.23,9.5,19.0,9.0,7.0,17.0
72.0,7.9,5.6,13.0,12.0,6.0,23.0
78.0,8.6,7.4,15.0,10.0,9.0,37.0
82.0,7.88,6.2,12.0,8.0,12.0,24.0
85.0,8.42,10.0,15.0,9.0,8.0,18.0
84.0,8.39,7.9,15.0,10.0,11.0,38.0
82.0,0.0,5.7,17.0,12.0,13.0,29.0
86.0,0.0,8.3,20.0,7.0,7.0,28.0
87.0,8.03,10.0,19.0,7.0,6.0,21.0
83.0,8.17,8.0,19.0,13.0,15.0,27.0
85.0,8.12,7.3,16.0,5.0,5.0,36.0
95.0,9.32,6.5,17.0,11.0,11.0,40.0
95.0,8.94,5.5,19.0,11.0,13.0,38.0
85.0,6.88,6.1,16.0,7.0,5.0,17.0
90.0,8.47,7.8,16.0,13.0,10.0,32.0
85.0,8.3,8.8,17.0,8.0,5.0,21.0
73.0,8.9,9.4,12.0,8.0,9.0,24.0
92.0,8.82,9.0,20.0,7.0,7.0,29.0
83.0,9.35,5.6,16.0,11.0,13.0,34.0
80.0,8.42,8.9,16.0,10.0,10.0,29.0
89.0,8.45,7.9,18.0,10.0,7.0,35.0
94.0,9.54,7.3,18.0,12.0,11.0,38.0
92.0,9.94,7.9,20.0,9.0,11.0,37.0
98.0,10.0,5.0,16.0,13.0,12.0,38.0
78.0,8.25,5.3,18.0,10.0,12.0,26.0
67.0,7.46,7.6,13.0,4.0,3.0,14.0
87.0,8.13,5.9,19.0,10.0,11.0,27.0
81.0,7.85,7.7,17.0,11.0,7.0,21.0
100.0,9.82,6.8,20.0,12.0,12.0,45.0
97.0,9.77,9.5,19.0,11.0,10.0,41.0
88.0,9.67,9.7,18.0,8.0,5.0,37.0
73.0,6.84,9.9,17.0,6.0,8.0,16.0
84.0,8.12,9.5,17.0,10.0,9.0,30.0
92.0,9.51,9.9,20.0,9.0,8.0,43.0
92.0,9.35,8.5,19.0,9.0,12.0,45.0
87.0,0.0,9.8,16.0,14.0,14.0,33.0
78.0,7.59,8.2,15.0,9.0,11.0,26.0
74.0,0.0,9.0,17.0,1.0,0.0,12.0
79.0,6.97,5.7,13.0,10.0,8.0,21.0
83.0,8.58,8.4,18.0,9.0,13.0,19.0
87.0,8.18,9.7,17.0,6.0,8.0,14.0
68.0,7.32,7.7,11.0,7.0,5.0,16.0
96.0,9.46,5.9,20.0,8.0,8.0,40.0
96.0,8.52,7.6,18.0,7.0,5.0,43.0
83.0,0.0,8.5,15.0,11.0,14.0,21.0
79.0,8.84,8.8,15.0,8.0,3.0,20.0
76.0,8.49,7.6,15.0,9.0,10.0,24.0
85.0,9.2,6.1,16.0,9.0,10.0,34.0
88.0,0.0,9.6,18.0,10.0,8.0,31.0
84.0,8.53,8.9,19.0,9.0,8.0,27.0
79.0,8.04,6.4,17.0,12.0,13.0,30.0
100.0,10.0,9.1,20.0,12.0,8.0,33.0
83.0,8.47,6.7,20.0,10.0,7.0,30.0
97.0,8.35,6.6,19.0,12.0,12.0,39.0
88.0,9.09,9.3,15.0,11.0,9.0,24.0
93.0,8.74,9.4,18.0,11.0,10.0,35.0
89.0,8.39,7.0,18.0,11.0,11.0,25.0
74.0,8.2,5.0,19.0,11.0,9.0,31.0
87.0,8.48,5.9,17.0,9.0,9.0,46.0
69.0,7.76,9.5,14.0,3.0,4.0,27.0
90.0,0.0,9.5,17.0,8.0,10.0,28.0
72.0,7.86,7.3,14.0,6.0,4.0,23.0
100.0,9.83,6.5,18.0,13.0,12.0,48.0
73.0,8.85,6.5,12.0,12.0,13.0,39.0
89.0,8.48,9.5,20.0,11.0,8.0,32.0
64.0,6.91,6.6,15.0,8.0,8.0,9.0
93.0,10.0,7.6,18.0,11.0,11.0,38.0
79.0,7.87,8.7,18.0,9.0,4.0,27.0
85.0,9.55,6.0,14.0,9.0,8.0,37.0
84.0,8.06,6.3,16.0,8.0,9.0,31.0
91.0,6.92,6.8,19.0,5.0,5.0,26.0
100.0,8.98,8.3,20.0,9.0,8.0,28.0
85.0,9.47,9.1,17.0,12.0,12.0,19.0
85.0,9.36,7.7,18.0,12.0,14.0,42.0
86.0,8.97,5.7,16.0,11.0,12.0,28.0
94.0,7.78,7.2,19.0,10.0,8.0,31.0
80.0,6.91,5.6,19.0,6.0,3.0,26.0
90.0,8.32,5.4,15.0,9.0,10.0,29.0
93.0,9.64,7.9,20.0,14.0,12.0,32.0
67.0,7.72,9.8,13.0,6.0,5.0,17.0
73.0,7.6,9.2,12.0,4.0,4.0,9.0
82.0,7.74,8.9,16.0,5.0,7.0,31.0
80.0,7.8,8.6,19.0,7.0,10.0,25.0
82.0,8.06,9.5,15.0,5.0,5.0,19.0
92.0,7.7,8.8,19.0,8.0,7.0,27.0
76.0,7.34,8.1,12.0,3.0,1.0,15.0
83.0,0.0,6.8,13.0,11.0,15.0,27.0
94.0,8.65,5.5,17.0,11.0,10.0,38.0
67.0,7.98,7.3,15.0,7.0,8.0,23.0
93.0,8.6,9.6,18.0,8.0,8.0,39.0
93.0,9.51,7.9,20.0,10.0,9.0,28.0
85.0,8.63,5.9,19.0,10.0,9.0,27.0
90.0,9.58,8.2,16.0,9.0,6.0,38.0
78.0,6.97,7.3,19.0,6.0,8.0,33.0
70.0,6.5,9.7,13.0,8.0,8.0,13.0
100.0,0.0,5.8,20.0,10.0,13.0,50.0
74.0,7.06,8.6,17.0,6.0,5.0,12.0
81.0,9.5,8.4,16.0,6.0,5.0,23.0
77.0,8.3,9.9,16.0,10.0,8.0,23.0
95.0,9.16,7.8,20.0,10.0,9.0,32.0
90.0,8.84,9.4,18.0,7.0,5.0,29.0
90.0,8.81,5.1,17.0,13.0,14.0,37.0
94.0,9.76,5.6,18.0,14.0,14.0,47.0
88.0,8.41,6.7,17.0,15.0,15.0,27.0
86.0,0.0,8.1,20.0,4.0,1.0,24.0
81.0,7.87,7.2,13.0,5.0,7.0,21.0
82.0,8.25,6.0,15.0,12.0,10.0,26.0
99.0,8.52,7.9,19.0,8.0,9.0,38.0
96.0,9.43,7.8,19.0,10.0,8.0,35.0
100.0,9.24,7.6,20.0,11.0,11.0,50.0
72.0,7.47,5.5,12.0,6.0,1.0,24.0
66.0,7.77,9.6,15.0,5.0,4.0,16.0
74.0,8.59,8.0,17.0,6.0,6.0,30.0
93.0,7.43,6.3,20.0,11.0,15.0,32.0
89.0,0.0,8.4,17.0,12.0,8.0,31.0
100.0,9.39,6.6,19.0,13.0,13.0,38.0
98.0,9.12,7.5,19.0,12.0,11.0,44.0
81.0,8.59,6.7,16.0,9.0,5.0,34.0
75.0,7.64,9.4,16.0,8.0,6.0,27.0
82.0,8.36,10.0,16.0,9.0,8.0,30.0
92.0,9.1,5.8,19.0,14.0,15.0,46.0
83.0,9.07,5.1,16.0,15.0,15.0,39.0
86.0,8.74,6.1,18.0,8.0,5.0,42.0
83.0,7.84,7.9,16.0,9.0,5.0,21.0
100.0,8.57,5.9,20.0,12.0,13.0,40.0
88.0,8.81,9.1,14.0,8.0,8.0,38.0
85.0,8.82,7.0,18.0,10.0,13.0,39.0
84.0,8.84,8.1,18.0,10.0,9.0,28.0
94.0,9.27,7.3,20.0,10.0,12.0,48.0
78.0,7.17,9.5,14.0,5.0,6.0,27.0
81.0,7.9,5.2,15.0,7.0,9.0,40.0
70.0,7.59,8.6,12.0,5.0,6.0,15.0
82.0,7.51,8.3,17.0,6.0,7.0,28.0
86.0,8.8,8.2,19.0,7.0,2.0,17.0
99.0,0.0,7.1,18.0,10.0,10.0,39.0
93.0,10.0,5.1,20.0,15.0,14.0,48.0
71.0,7.58,8.4,17.0,7.0,10.0,23.0
80.0,8.54,9.1,16.0,13.0,11.0,35.0
99.0,9.18,5.4,20.0,14.0,13.0,45.0
100.0,8.98,7.2,17.0,14.0,15.0,36.0
86.0,8.38,5.8,16.0,11.0,12.0,40.0
100.0,9.32,8.1,17.0,10.0,10.0,41.0
75.0,7.7,8.9,13.0,6.0,8.0,8.0
76.0,7.98,8.3,16.0,11.0,12.0,34.0
74.0,6.65,6.6,16.0,6.0,5.0,22.0
97.0,9.32,5.7,20.0,13.0,10.0,46.0
83.0,9.5,9.0,17.0,11.0,12.0,38.0
98.0,9.22,6.6,20.0,12.0,10.0,39.0
86.0,7.98,5.1,14.0,9.0,9.0,33.0
96.0,9.94,7.9,17.0,9.0,11.0,38.0
80.0,8.34,6.2,16.0,8.0,8.0,30.0
84.0,8.75,9.2,18.0,10.0,9.0,30.0
88.0,8.35,5.7,17.0,12.0,11.0,39.0
81.0,10.0,7.2,13.0,10.0,9.0,35.0
70.0,7.92,6.3,13.0,8.0,6.0,20.0
78.0,8.25,8.4,14.0,8.0,11.0,22.0
77.0,0.0,7.7,12.0,7.0,6.0,26.0
80.0,8.76,9.0,20.0,9.0,11.0,34.0
84.0,8.58,7.3,19.0,10.0,8.0,31.0
73.0,6.81,5.0,11.0,5.0,6.0,21.0
81.0,7.05,6.1,12.0,9.0,9.0,20.0
81.0,7.73,10.0,15.0,7.0,7.0,34.0
83.0,8.31,7.0,14.0,8.0,8.0,34.0
81.0,8.85,8.1,20.0,9.0,10.0,25.0
94.0,9.74,9.5,17.0,11.0,11.0,32.0
94.0,9.27,5.1,20.0,10.0,10.0,45.0
83.0,0.0,8.3,16.0,10.0,11.0,31.0
88.0,9.2,6.4,15.0,15.0,13.0,44.0
71.0,7.28,6.4,16.0,4.0,1.0,15.0
82.0,9.28,6.1,18.0,10.0,10.0,39.0
80.0,8.12,9.1,16.0,13.0,9.0,24.0
80.0,8.77,6.9,20.0,7.0,4.0,30.0
81.0,9.26,5.3,17.0,15.0,15.0,41.0
96.0,8.89,5.5,18.0,12.0,15.0,42.0
81.0,8.19,5.7,20.0,9.0,8.0,31.0
95.0,8.98,9.5,20.0,9.0,11.0,28.0
71.0,6.96,7.1,17.0,6.0,8.0,29.0
83.0,8.62,9.6,17.0,4.0,5.0,18.0
97.0,9.51,9.1,13.0,10.0,10.0,35.0
77.0,7.09,9.2,12.0,6.0,7.0,24.0
84.0,9.17,6.4,19.0,6.0,8.0,35.0
79.0,7.34,6.4,15.0,13.0,14.0,22.0
92.0,9.61,7.8,19.0,5.0,2.0,22.0
75.0,7.4,7.1,17.0,11.0,15.0,20.0
71.0,7.52,7.5,15.0,8.0,13.0,27.0
84.0,8.04,5.3,15.0,6.0,2.0,29.0
83.0,9.55,9.9,17.0,13.0,14.0,31.0
75.0,7.67,5.3,15.0,6.0,10.0,26.0
88.0,8.25,5.9,17.0,8.0,10.0,27.0
90.0,9.84,8.4,15.0,7.0,9.0,37.0
76.0,8.2,5.8,14.0,7.0,4.0,29.0
76.0,7.29,5.5,15.0,7.0,9.0,29.0
77.0,0.0,5.8,13.0,12.0,12.0,44.0
76.0,7.52,5.3,13.0,9.0,11.0,21.0
90.0,8.8,6.3,17.0,9.0,7.0,39.0
90.0,9.49,6.4,14.0,12.0,10.0,33.0
82.0,8.21,7.5,17.0,5.0,5.0,22.0
77.0,7.54,7.2,16.0,8.0,7.0,24.0
96.0,9.15,7.4,18.0,15.0,15.0,38.0
87.0,7.53,8.1,15.0,6.0,5.0,35.0
79.0,8.28,6.2,17.0,8.0,8.0,36.0
100.0,0.0,5.7,20.0,15.0,14.0,46.0
82.0,7.95,9.4,17.0,9.0,9.0,32.0
86.0,7.84,8.2,17.0,7.0,4.0,28.0
90.0,8.95,5.3,19.0,13.0,14.0,33.0
77.0,7.49,9.8,15.0,4.0,5.0,21.0
100.0,8.8,8.5,18.0,14.0,11.0,30.0
98.0,10.0,5.8,19.0,13.0,15.0,43.0
97.0,8.85,9.8,19.0,13.0,11.0,34.0
91.0,9.95,6.8,18.0,13.0,15.0,42.0
85.0,8.19,9.9,19.0,9.0,10.0,30.0
100.0,9.62,5.5,18.0,15.0,15.0,46.0
80.0,0.0,5.8,16.0,13.0,13.0,39.0
80.0,7.56,8.3,13.0,8.0,9.0,25.0
79.0,8.37,5.1,14.0,7.0,9.0,39.0
92.0,9.87,5.1,20.0,14.0,15.0,39.0
88.0,8.98,9.0,19.0,7.0,9.0,24.0
99.0,9.71,5.8,20.0,12.0,13.0,43.0
80.0,0.0,9.6,13.0,11.0,8.0,22.0
95.0,9.35,7.1,19.0,13.0,8.0,29.0
90.0,9.34,9.4,14.0,11.0,11.0,40.0
92.0,8.94,7.1,18.0,15.0,14.0,45.0
85.0,0.0,7.7,15.0,11.0,10.0,31.0
91.0,9.18,6.6,19.0,15.0,15.0,40.0
92.0,8.72,8.3,19.0,5.0,6.0,31.0
81.0,8.48,6.6,14.0,7.0,6.0,30.0
86.0,7.95,6.1,18.0,8.0,10.0,27.0
100.0,9.43,5.4,20.0,10.0,10.0,43.0
91.0,9.77,5.3,18.0,14.0,14.0,43.0
97.0,8.9,6.5,20.0,13.0,15.0,37.0
96.0,9.53,8.7,15.0,14.0,14.0,39.0
95.0,8.68,6.0,20.0,15.0,15.0,39.0
96.0,9.02,6.5,18.0,10.0,11.0,43.0
100.0,10.0,9.5,19.0,12.0,15.0,32.0
86.0,8.74,8.2,18.0,5.0,5.0,21.0
90.0,9.43,9.6,18.0,10.0,11.0,34.0
92.0,8.21,9.6,15.0,9.0,9.0,26.0
96.0,10.0,5.3,20.0,11.0,11.0,33.0
69.0,8.81,9.8,11.0,7.0,6.0,25.0
91.0,8.68,5.3,17.0,11.0,10.0,34.0
90.0,8.96,9.6,18.0,8.0,11.0,22.0
79.0,8.31,7.7,16.0,8.0,7.0,27.0
89.0,9.89,7.7,19.0,12.0,9.0,42.0
87.0,8.08,8.6,18.0,10.0,10.0,28.0
92.0,9.18,9.4,20.0,10.0,12.0,43.0
87.0,0.0,8.1,18.0,7.0,9.0,32.0
91.0,7.19,7.1,16.0,8.0,6.0,33.0
86.0,9.05,5.6,12.0,11.0,13.0,38.0
88.0,10.0,8.9,18.0,9.0,13.0,33.0
90.0,8.27,5.6,20.0,14.0,13.0,40.0
70.0,7.03,8.6,11.0,4.0,4.0,19.0
94.0,0.0,7.6,17.0,11.0,9.0,27.0
87.0,10.0,6.9,18.0,9.0,13.0,38.0
93.0,9.26,8.1,20.0,10.0,7.0,37.0
84.0,0.0,8.9,19.0,12.0,11.0,34.0
99.0,8.93,9.7,20.0,11.0,13.0,29.0
95.0,9.73,6.3,19.0,10.0,9.0,34.0
84.0,8.81,9.7,15.0,9.0,7.0,27.0
79.0,0.0,9.8,14.0,9.0,9.0,25.0
81.0,8.3,9.1,15.0,7.0,12.0,27.0
84.0,8.37,9.4,19.0,8.0,7.0,28.0
56.0,5.89,8.5,10.0,0.0,0.0,2.0
81.0,7.7,5.2,18.0,7.0,5.0,32.0
76.0,7.28,7.9,12.0,5.0,6.0,4.0
84.0,8.86,8.7,17.0,9.0,11.0,29.0
84.0,9.24,9.7,15.0,9.0,8.0,19.0
89.0,8.54,7.9,19.0,9.0,10.0,28.0
79.0,8.4,9.0,15.0,9.0,8.0,28.0
95.0,8.47,8.5,20.0,10.0,6.0,23.0
99.0,9.39,6.4,19.0,13.0,14.0,32.0
74.0,7.81,5.8,15.0,7.0,11.0,29.0
77.0,8.15,8.8,17.0,7.0,5.0,18.0
93.0,9.13,6.2,18.0,12.0,12.0,42.0
89.0,9.4,6.2,18.0,9.0,12.0,45.0
91.0,0.0,8.2,20.0,9.0,9.0,33.0
94.0,8.13,8.9,19.0,8.0,5.0,31.0
69.0,6.3,7.9,11.0,9.0,9.0,17.0
96.0,9.23,9.4,18.0,7.0,10.0,28.0
84.0,7.67,6.1,13.0,11.0,10.0,28.0
86.0,9.04,6.3,17.0,10.0,10.0,26.0
76.0,7.79,8.2,16.0,8.0,6.0,32.0
98.0,9.81,9.1,20.0,12.0,12.0,39.0
69.0,7.2,7.7,17.0,3.0,4.0,12.0
87.0,9.03,5.1,20.0,8.0,8.0,36.0
88.0,9.85,8.4,18.0,8.0,7.0,40.0
88.0,9.19,9.1,13.0,8.0,9.0,30.0
84.0,8.47,6.4,18.0,8.0,9.0,43.0
89.0,9.6,5.3,16.0,15.0,15.0,42.0
83.0,0.0,7.6,18.0,8.0,7.0,37.0
87.0,8.89,5.2,18.0,5.0,4.0,31.0
76.0,8.18,7.1,17.0,8.0,12.0,31.0
74.0,6.91,5.1,16.0,9.0,9.0,23.0
89.0,8.32,6.1,20.0,15.0,14.0,31.0
93.0,10.0,6.9,20.0,11.0,8.0,30.0
83.0,8.88,5.6,14.0,10.0,8.0,35.0
71.0,8.23,5.6,16.0,9.0,8.0,27.0
90.0,10.0,9.1,17.0,12.0,13.0,30.0
97.0,8.08,5.2,20.0,9.0,8.0,37.0
96.0,9.34,8.4,20.0,11.0,11.0,40.0
84.0,8.15,9.1,18.0,8.0,5.0,32.0
87.0,9.23,5.7,15.0,11.0,14.0,34.0
92.0,0.0,6.0,17.0,12.0,11.0,43.0
95.0,0.0,8.2,20.0,10.0,10.0,48.0
77.0,6.87,6.6,19.0,8.0,7.0,27.0
100.0,10.0,7.4,20.0,13.0,12.0,39.0
92.0,9.37,9.2,18.0,11.0,9.0,38.0
90.0,8.61,5.7,16.0,9.0,10.0,38.0
77.0,9.24,8.1,13.0,11.0,9.0,36.0
83.0,7.7,9.7,17.0,5.0,6.0,24.0
83.0,8.19,5.3,18.0,15.0,15.0,42.0
76.0,0.0,5.3,12.0,6.0,7.0,31.0
80.0,8.59,7.8,18.0,11.0,12.0,26.0
89.0,9.12,9.8,20.0,5.0,4.0,23.0
96.0,9.22,6.1,20.0,8.0,9.0,44.0
93.0,8.77,6.7,20.0,9.0,8.0,32.0
68.0,6.78,5.5,14.0,3.0,6.0,30.0
100.0,8.99,6.8,20.0,14.0,13.0,49.0
